Event,Timestamp,Framecount,SessionID,Email,BCIState,BCIConfidence,InputNumber,BCIThresholdBuffer,InputWindow,InputWindowOrder,InterTrialTimer,InputWindowTimer,GameState,CurrentFabAlarm,AccInputTrialsLeft,AccInputRate,FabInputTrialsLeft,FabInputRate,RejInputTrialsLeft,RejInputRate,AssistSuccessTrialsLeft,AssistSuccessRate,AssistFailTrialsLeft,AssistFailRate,ExplicitShamTrialsLeft,ExplicitShamRate,TrialResult,TrialGoal
BCIStateUpdated,2020-12-03 12:40:40.9628,1,f6a7e5a1e5c5cee3d1faa98c76a8ac97,anonymous,Connecting,NULL,NULL,NULL,NULL,NULL,NULL,NULL,NULL,NULL,NULL,NULL,NULL,NULL,NULL,NULL,NULL,NULL,NULL,NULL,NULL,NULL,NULL,NULL
BCIStateUpdated,2020-12-03 12:40:44.5192,4,f6a7e5a1e5c5cee3d1faa98c76a8ac97,anonymous,ReceivingHeader,NULL,NULL,NULL,NULL,NULL,NULL,NULL,NULL,NULL,NULL,NULL,NULL,NULL,NULL,NULL,NULL,NULL,NULL,NULL,NULL,NULL,NULL,NULL
BCIStateUpdated,2020-12-03 12:40:44.6106,5,f6a7e5a1e5c5cee3d1faa98c76a8ac97,anonymous,ReceivingData,NULL,NULL,NULL,NULL,NULL,NULL,NULL,NULL,NULL,NULL,NULL,NULL,NULL,NULL,NULL,NULL,NULL,NULL,NULL,NULL,NULL,NULL,NULL
MotorImagery,2020-12-03 12:40:57.9552,923,f6a7e5a1e5c5cee3d1faa98c76a8ac97,anonymous,ReceivingData,0.8006,1,(0.801 0.773 0.806 0.823 0.808 0.809 0.825 0.821 ),NULL,NULL,NULL,NULL,NULL,NULL,NULL,NULL,NULL,NULL,NULL,NULL,NULL,NULL,NULL,NULL,NULL,NULL,NULL,NULL
Rest,2020-12-03 12:40:57.9843,925,f6a7e5a1e5c5cee3d1faa98c76a8ac97,anonymous,ReceivingData,0.6528,1,(0.801 0.804 0.653 0.823 0.808 0.809 0.825 0.821 ),NULL,NULL,NULL,NULL,NULL,NULL,NULL,NULL,NULL,NULL,NULL,NULL,NULL,NULL,NULL,NULL,NULL,NULL,NULL,NULL
MotorImagery,2020-12-03 12:41:11.3892,1832,f6a7e5a1e5c5cee3d1faa98c76a8ac97,anonymous,ReceivingData,0.1162,2,(0.099 0.116 0.024 0.017 0.009 0.016 0.028 0.053 ),NULL,NULL,NULL,NULL,NULL,NULL,NULL,NULL,NULL,NULL,NULL,NULL,NULL,NULL,NULL,NULL,NULL,NULL,NULL,NULL
Rest,2020-12-03 12:41:11.5294,1841,f6a7e5a1e5c5cee3d1faa98c76a8ac97,anonymous,ReceivingData,0.1348,2,(0.099 0.116 0.119 0.122 0.135 0.016 0.028 0.053 ),NULL,NULL,NULL,NULL,NULL,NULL,NULL,NULL,NULL,NULL,NULL,NULL,NULL,NULL,NULL,NULL,NULL,NULL,NULL,NULL
MotorImagery,2020-12-03 12:41:16.3463,2161,f6a7e5a1e5c5cee3d1faa98c76a8ac97,anonymous,ReceivingData,0.6261,3,(0.597 0.590 0.583 0.595 0.626 0.586 0.589 0.627 ),NULL,NULL,NULL,NULL,NULL,NULL,NULL,NULL,NULL,NULL,NULL,NULL,NULL,NULL,NULL,NULL,NULL,NULL,NULL,NULL
Rest,2020-12-03 12:41:16.4998,2172,f6a7e5a1e5c5cee3d1faa98c76a8ac97,anonymous,ReceivingData,0.5557,3,(0.597 0.590 0.583 0.595 0.626 0.607 0.609 0.556 ),NULL,NULL,NULL,NULL,NULL,NULL,NULL,NULL,NULL,NULL,NULL,NULL,NULL,NULL,NULL,NULL,NULL,NULL,NULL,NULL
GameRunning,2020-12-03 12:41:27.1995,2934,f6a7e5a1e5c5cee3d1faa98c76a8ac97,anonymous,NULL,NULL,NULL,NULL,Closed,0,0.0000,0.0000,Running,0.0000,30,0.0000,0,0.0000,0,0.0000,0,0.0000,0,0.0000,0,0.0000,NA,NULL
MotorImagery,2020-12-03 12:41:29.8936,3126,f6a7e5a1e5c5cee3d1faa98c76a8ac97,anonymous,ReceivingData,0.6726,4,(0.663 0.698 0.719 0.709 0.648 0.663 0.673 0.633 ),NULL,NULL,NULL,NULL,NULL,NULL,NULL,NULL,NULL,NULL,NULL,NULL,NULL,NULL,NULL,NULL,NULL,NULL,NULL,NULL
Rest,2020-12-03 12:41:30.2854,3153,f6a7e5a1e5c5cee3d1faa98c76a8ac97,anonymous,ReceivingData,0.5699,4,(0.671 0.654 0.613 0.600 0.570 0.663 0.673 0.690 ),NULL,NULL,NULL,NULL,NULL,NULL,NULL,NULL,NULL,NULL,NULL,NULL,NULL,NULL,NULL,NULL,NULL,NULL,NULL,NULL
InputWindowChange,2020-12-03 12:41:39.1846,3789,f6a7e5a1e5c5cee3d1faa98c76a8ac97,anonymous,NULL,NULL,NULL,NULL,Open,0,0.0000,0.0000,Running,1.1015,30,0.0000,0,0.0000,0,0.0000,0,0.0000,0,0.0000,0,0.0000,NA,NULL
MotorImagery,2020-12-03 12:41:41.9087,3978,f6a7e5a1e5c5cee3d1faa98c76a8ac97,anonymous,ReceivingData,0.7489,5,(0.673 0.691 0.749 0.712 0.713 0.731 0.749 0.616 ),NULL,NULL,NULL,NULL,NULL,NULL,NULL,NULL,NULL,NULL,NULL,NULL,NULL,NULL,NULL,NULL,NULL,NULL,NULL,NULL
InputWindowChange,2020-12-03 12:41:41.9087,3978,f6a7e5a1e5c5cee3d1faa98c76a8ac97,anonymous,NULL,NULL,NULL,NULL,Closed,0,-3.2758,0.0000,Running,1.1015,30,0.0000,0,0.0000,0,0.0000,0,0.0000,0,0.0000,0,0.0000,NA,NULL
GameDecision,2020-12-03 12:41:41.9172,3978,f6a7e5a1e5c5cee3d1faa98c76a8ac97,anonymous,NULL,NULL,NULL,NULL,Closed,0,-3.2758,0.0000,Running,1.1015,29,0.0333,0,0.0000,0,0.0000,0,0.0000,0,0.0000,0,0.0000,AccInput,AccInput
Rest,2020-12-03 12:41:42.2973,4005,f6a7e5a1e5c5cee3d1faa98c76a8ac97,anonymous,ReceivingData,0.5647,5,(0.640 0.637 0.615 0.624 0.608 0.565 0.749 0.712 ),NULL,NULL,NULL,NULL,NULL,NULL,NULL,NULL,NULL,NULL,NULL,NULL,NULL,NULL,NULL,NULL,NULL,NULL,NULL,NULL
InputWindowChange,2020-12-03 12:41:57.1850,5066,f6a7e5a1e5c5cee3d1faa98c76a8ac97,anonymous,NULL,NULL,NULL,NULL,Open,1,0.0000,0.0000,Running,4.7050,29,0.0333,0,0.0000,0,0.0000,0,0.0000,0,0.0000,0,0.0000,NA,NULL
MotorImagery,2020-12-03 12:41:59.8159,5254,f6a7e5a1e5c5cee3d1faa98c76a8ac97,anonymous,ReceivingData,0.5899,6,(0.613 0.589 0.590 0.576 0.592 0.648 0.631 0.611 ),NULL,NULL,NULL,NULL,NULL,NULL,NULL,NULL,NULL,NULL,NULL,NULL,NULL,NULL,NULL,NULL,NULL,NULL,NULL,NULL
InputWindowChange,2020-12-03 12:41:59.8169,5254,f6a7e5a1e5c5cee3d1faa98c76a8ac97,anonymous,NULL,NULL,NULL,NULL,Closed,1,-3.3707,0.0000,Running,4.7050,29,0.0333,0,0.0000,0,0.0000,0,0.0000,0,0.0000,0,0.0000,NA,NULL
GameDecision,2020-12-03 12:41:59.8169,5254,f6a7e5a1e5c5cee3d1faa98c76a8ac97,anonymous,NULL,NULL,NULL,NULL,Closed,1,-3.3707,0.0000,Running,4.7050,28,0.0667,0,0.0000,0,0.0000,0,0.0000,0,0.0000,0,0.0000,AccInput,AccInput
Rest,2020-12-03 12:42:00.2206,5283,f6a7e5a1e5c5cee3d1faa98c76a8ac97,anonymous,ReceivingData,0.5544,6,(0.583 0.554 0.590 0.594 0.605 0.595 0.610 0.590 ),NULL,NULL,NULL,NULL,NULL,NULL,NULL,NULL,NULL,NULL,NULL,NULL,NULL,NULL,NULL,NULL,NULL,NULL,NULL,NULL
MotorImagery,2020-12-03 12:42:05.8166,5682,f6a7e5a1e5c5cee3d1faa98c76a8ac97,anonymous,ReceivingData,0.7476,7,(0.661 0.735 0.779 0.774 0.772 0.744 0.748 0.636 ),NULL,NULL,NULL,NULL,NULL,NULL,NULL,NULL,NULL,NULL,NULL,NULL,NULL,NULL,NULL,NULL,NULL,NULL,NULL,NULL
Rest,2020-12-03 12:42:06.3316,5719,f6a7e5a1e5c5cee3d1faa98c76a8ac97,anonymous,ReceivingData,0.5685,7,(0.673 0.681 0.699 0.707 0.692 0.667 0.664 0.568 ),NULL,NULL,NULL,NULL,NULL,NULL,NULL,NULL,NULL,NULL,NULL,NULL,NULL,NULL,NULL,NULL,NULL,NULL,NULL,NULL
MotorImagery,2020-12-03 12:42:10.6773,6029,f6a7e5a1e5c5cee3d1faa98c76a8ac97,anonymous,ReceivingData,0.5956,8,(0.602 0.649 0.664 0.687 0.669 0.626 0.642 0.596 ),NULL,NULL,NULL,NULL,NULL,NULL,NULL,NULL,NULL,NULL,NULL,NULL,NULL,NULL,NULL,NULL,NULL,NULL,NULL,NULL
Rest,2020-12-03 12:42:10.7893,6037,f6a7e5a1e5c5cee3d1faa98c76a8ac97,anonymous,ReceivingData,0.5640,8,(0.564 0.649 0.664 0.687 0.669 0.626 0.642 0.596 ),NULL,NULL,NULL,NULL,NULL,NULL,NULL,NULL,NULL,NULL,NULL,NULL,NULL,NULL,NULL,NULL,NULL,NULL,NULL,NULL
MotorImagery,2020-12-03 12:42:13.2245,6211,f6a7e5a1e5c5cee3d1faa98c76a8ac97,anonymous,ReceivingData,0.6764,9,(0.716 0.697 0.676 0.634 0.656 0.634 0.670 0.709 ),NULL,NULL,NULL,NULL,NULL,NULL,NULL,NULL,NULL,NULL,NULL,NULL,NULL,NULL,NULL,NULL,NULL,NULL,NULL,NULL
Rest,2020-12-03 12:42:13.7258,6247,f6a7e5a1e5c5cee3d1faa98c76a8ac97,anonymous,ReceivingData,0.5378,9,(0.669 0.659 0.538 0.656 0.650 0.654 0.644 0.656 ),NULL,NULL,NULL,NULL,NULL,NULL,NULL,NULL,NULL,NULL,NULL,NULL,NULL,NULL,NULL,NULL,NULL,NULL,NULL,NULL
InputWindowChange,2020-12-03 12:42:15.1895,6351,f6a7e5a1e5c5cee3d1faa98c76a8ac97,anonymous,NULL,NULL,NULL,NULL,Open,2,0.0000,0.0000,Running,4.5241,28,0.0667,0,0.0000,0,0.0000,0,0.0000,0,0.0000,0,0.0000,NA,NULL
MotorImagery,2020-12-03 12:42:20.5067,6731,f6a7e5a1e5c5cee3d1faa98c76a8ac97,anonymous,ReceivingData,0.7197,10,(0.742 0.760 0.733 0.720 0.694 0.724 0.745 0.736 ),NULL,NULL,NULL,NULL,NULL,NULL,NULL,NULL,NULL,NULL,NULL,NULL,NULL,NULL,NULL,NULL,NULL,NULL,NULL,NULL
InputWindowChange,2020-12-03 12:42:20.5067,6731,f6a7e5a1e5c5cee3d1faa98c76a8ac97,anonymous,NULL,NULL,NULL,NULL,Closed,2,-0.6833,0.0000,Running,4.5241,28,0.0667,0,0.0000,0,0.0000,0,0.0000,0,0.0000,0,0.0000,NA,NULL
GameDecision,2020-12-03 12:42:20.5077,6731,f6a7e5a1e5c5cee3d1faa98c76a8ac97,anonymous,NULL,NULL,NULL,NULL,Closed,2,-0.6833,0.0000,Running,4.5241,27,0.1000,0,0.0000,0,0.0000,0,0.0000,0,0.0000,0,0.0000,AccInput,AccInput
Rest,2020-12-03 12:42:21.0228,6768,f6a7e5a1e5c5cee3d1faa98c76a8ac97,anonymous,ReceivingData,0.5587,10,(0.666 0.666 0.679 0.662 0.559 0.671 0.674 0.673 ),NULL,NULL,NULL,NULL,NULL,NULL,NULL,NULL,NULL,NULL,NULL,NULL,NULL,NULL,NULL,NULL,NULL,NULL,NULL,NULL
MotorImagery,2020-12-03 12:42:30.2256,7425,f6a7e5a1e5c5cee3d1faa98c76a8ac97,anonymous,ReceivingData,0.7207,11,(0.627 0.641 0.665 0.694 0.720 0.732 0.721 0.578 ),NULL,NULL,NULL,NULL,NULL,NULL,NULL,NULL,NULL,NULL,NULL,NULL,NULL,NULL,NULL,NULL,NULL,NULL,NULL,NULL
Rest,2020-12-03 12:42:30.7271,7461,f6a7e5a1e5c5cee3d1faa98c76a8ac97,anonymous,ReceivingData,0.5345,11,(0.696 0.706 0.686 0.684 0.592 0.534 0.721 0.683 ),NULL,NULL,NULL,NULL,NULL,NULL,NULL,NULL,NULL,NULL,NULL,NULL,NULL,NULL,NULL,NULL,NULL,NULL,NULL,NULL
InputWindowChange,2020-12-03 12:42:33.1922,7637,f6a7e5a1e5c5cee3d1faa98c76a8ac97,anonymous,NULL,NULL,NULL,NULL,Open,3,0.0000,0.0000,Running,2.4509,27,0.1000,0,0.0000,0,0.0000,0,0.0000,0,0.0000,0,0.0000,NA,NULL
MotorImagery,2020-12-03 12:42:35.3223,7789,f6a7e5a1e5c5cee3d1faa98c76a8ac97,anonymous,ReceivingData,0.6528,12,(0.581 0.596 0.653 0.577 0.624 0.661 0.678 0.613 ),NULL,NULL,NULL,NULL,NULL,NULL,NULL,NULL,NULL,NULL,NULL,NULL,NULL,NULL,NULL,NULL,NULL,NULL,NULL,NULL
InputWindowChange,2020-12-03 12:42:35.3223,7789,f6a7e5a1e5c5cee3d1faa98c76a8ac97,anonymous,NULL,NULL,NULL,NULL,Closed,3,-3.8719,0.0000,Running,2.4509,27,0.1000,0,0.0000,0,0.0000,0,0.0000,0,0.0000,0,0.0000,NA,NULL
GameDecision,2020-12-03 12:42:35.3228,7789,f6a7e5a1e5c5cee3d1faa98c76a8ac97,anonymous,NULL,NULL,NULL,NULL,Closed,3,-3.8719,0.0000,Running,2.4509,26,0.1333,0,0.0000,0,0.0000,0,0.0000,0,0.0000,0,0.0000,AccInput,AccInput
Rest,2020-12-03 12:42:36.4910,7872,f6a7e5a1e5c5cee3d1faa98c76a8ac97,anonymous,ReceivingData,0.5027,12,(0.710 0.707 0.712 0.693 0.676 0.579 0.503 0.692 ),NULL,NULL,NULL,NULL,NULL,NULL,NULL,NULL,NULL,NULL,NULL,NULL,NULL,NULL,NULL,NULL,NULL,NULL,NULL,NULL
MotorImagery,2020-12-03 12:42:42.7152,8316,f6a7e5a1e5c5cee3d1faa98c76a8ac97,anonymous,ReceivingData,0.6434,13,(0.588 0.592 0.577 0.584 0.607 0.647 0.643 0.579 ),NULL,NULL,NULL,NULL,NULL,NULL,NULL,NULL,NULL,NULL,NULL,NULL,NULL,NULL,NULL,NULL,NULL,NULL,NULL,NULL
Rest,2020-12-03 12:42:42.8542,8326,f6a7e5a1e5c5cee3d1faa98c76a8ac97,anonymous,ReceivingData,0.5004,13,(0.500 0.592 0.577 0.584 0.607 0.647 0.643 0.580 ),NULL,NULL,NULL,NULL,NULL,NULL,NULL,NULL,NULL,NULL,NULL,NULL,NULL,NULL,NULL,NULL,NULL,NULL,NULL,NULL
MotorImagery,2020-12-03 12:42:49.1488,8776,f6a7e5a1e5c5cee3d1faa98c76a8ac97,anonymous,ReceivingData,0.6600,14,(0.617 0.625 0.660 0.610 0.606 0.587 0.622 0.620 ),NULL,NULL,NULL,NULL,NULL,NULL,NULL,NULL,NULL,NULL,NULL,NULL,NULL,NULL,NULL,NULL,NULL,NULL,NULL,NULL
Rest,2020-12-03 12:42:49.6221,8810,f6a7e5a1e5c5cee3d1faa98c76a8ac97,anonymous,ReceivingData,0.5677,14,(0.589 0.568 0.660 0.682 0.662 0.669 0.647 0.615 ),NULL,NULL,NULL,NULL,NULL,NULL,NULL,NULL,NULL,NULL,NULL,NULL,NULL,NULL,NULL,NULL,NULL,NULL,NULL,NULL
MotorImagery,2020-12-03 12:42:50.0397,8840,f6a7e5a1e5c5cee3d1faa98c76a8ac97,anonymous,ReceivingData,0.7658,15,(0.770 0.766 0.576 0.645 0.672 0.728 0.755 0.784 ),NULL,NULL,NULL,NULL,NULL,NULL,NULL,NULL,NULL,NULL,NULL,NULL,NULL,NULL,NULL,NULL,NULL,NULL,NULL,NULL
InputWindowChange,2020-12-03 12:42:51.1959,8922,f6a7e5a1e5c5cee3d1faa98c76a8ac97,anonymous,NULL,NULL,NULL,NULL,Open,4,0.0000,0.0000,Running,1.6523,26,0.1333,0,0.0000,0,0.0000,0,0.0000,0,0.0000,0,0.0000,NA,NULL
Rest,2020-12-03 12:42:51.4187,8938,f6a7e5a1e5c5cee3d1faa98c76a8ac97,anonymous,ReceivingData,0.5166,15,(0.517 0.733 0.712 0.684 0.686 0.694 0.715 0.620 ),NULL,NULL,NULL,NULL,NULL,NULL,NULL,NULL,NULL,NULL,NULL,NULL,NULL,NULL,NULL,NULL,NULL,NULL,NULL,NULL
MotorImagery,2020-12-03 12:42:52.5734,9021,f6a7e5a1e5c5cee3d1faa98c76a8ac97,anonymous,ReceivingData,0.6016,16,(0.614 0.625 0.609 0.602 0.624 0.648 0.657 0.625 ),NULL,NULL,NULL,NULL,NULL,NULL,NULL,NULL,NULL,NULL,NULL,NULL,NULL,NULL,NULL,NULL,NULL,NULL,NULL,NULL
InputWindowChange,2020-12-03 12:42:52.5744,9021,f6a7e5a1e5c5cee3d1faa98c76a8ac97,anonymous,NULL,NULL,NULL,NULL,Closed,4,-4.6214,0.0000,Running,1.6523,26,0.1333,0,0.0000,0,0.0000,0,0.0000,0,0.0000,0,0.0000,NA,NULL
GameDecision,2020-12-03 12:42:52.5754,9021,f6a7e5a1e5c5cee3d1faa98c76a8ac97,anonymous,NULL,NULL,NULL,NULL,Closed,4,-4.6214,0.0000,Running,1.6523,25,0.1667,0,0.0000,0,0.0000,0,0.0000,0,0.0000,0,0.0000,AccInput,AccInput
Rest,2020-12-03 12:42:53.2141,9066,f6a7e5a1e5c5cee3d1faa98c76a8ac97,anonymous,ReceivingData,0.5273,16,(0.741 0.726 0.751 0.757 0.658 0.625 0.527 0.735 ),NULL,NULL,NULL,NULL,NULL,NULL,NULL,NULL,NULL,NULL,NULL,NULL,NULL,NULL,NULL,NULL,NULL,NULL,NULL,NULL
MotorImagery,2020-12-03 12:42:55.2476,9211,f6a7e5a1e5c5cee3d1faa98c76a8ac97,anonymous,ReceivingData,0.6037,17,(0.604 0.639 0.680 0.667 0.588 0.576 0.597 0.592 ),NULL,NULL,NULL,NULL,NULL,NULL,NULL,NULL,NULL,NULL,NULL,NULL,NULL,NULL,NULL,NULL,NULL,NULL,NULL,NULL
Rest,2020-12-03 12:42:55.8733,9256,f6a7e5a1e5c5cee3d1faa98c76a8ac97,anonymous,ReceivingData,0.5024,17,(0.614 0.580 0.502 0.639 0.635 0.622 0.604 0.612 ),NULL,NULL,NULL,NULL,NULL,NULL,NULL,NULL,NULL,NULL,NULL,NULL,NULL,NULL,NULL,NULL,NULL,NULL,NULL,NULL
MotorImagery,2020-12-03 12:43:06.2460,9997,f6a7e5a1e5c5cee3d1faa98c76a8ac97,anonymous,ReceivingData,0.7308,18,(0.606 0.699 0.715 0.720 0.716 0.713 0.737 0.731 ),NULL,NULL,NULL,NULL,NULL,NULL,NULL,NULL,NULL,NULL,NULL,NULL,NULL,NULL,NULL,NULL,NULL,NULL,NULL,NULL
Rest,2020-12-03 12:43:06.8728,10042,f6a7e5a1e5c5cee3d1faa98c76a8ac97,anonymous,ReceivingData,0.5432,18,(0.590 0.543 0.678 0.651 0.628 0.596 0.576 0.577 ),NULL,NULL,NULL,NULL,NULL,NULL,NULL,NULL,NULL,NULL,NULL,NULL,NULL,NULL,NULL,NULL,NULL,NULL,NULL,NULL
MotorImagery,2020-12-03 12:43:07.7650,10105,f6a7e5a1e5c5cee3d1faa98c76a8ac97,anonymous,ReceivingData,0.5737,19,(0.574 0.578 0.593 0.611 0.601 0.603 0.599 0.600 ),NULL,NULL,NULL,NULL,NULL,NULL,NULL,NULL,NULL,NULL,NULL,NULL,NULL,NULL,NULL,NULL,NULL,NULL,NULL,NULL
Rest,2020-12-03 12:43:08.1680,10134,f6a7e5a1e5c5cee3d1faa98c76a8ac97,anonymous,ReceivingData,0.5362,19,(0.574 0.599 0.589 0.581 0.606 0.623 0.614 0.536 ),NULL,NULL,NULL,NULL,NULL,NULL,NULL,NULL,NULL,NULL,NULL,NULL,NULL,NULL,NULL,NULL,NULL,NULL,NULL,NULL
InputWindowChange,2020-12-03 12:43:09.1992,10208,f6a7e5a1e5c5cee3d1faa98c76a8ac97,anonymous,NULL,NULL,NULL,NULL,Open,5,0.0000,0.0000,Running,3.8753,25,0.1667,0,0.0000,0,0.0000,0,0.0000,0,0.0000,0,0.0000,NA,NULL
MotorImagery,2020-12-03 12:43:11.4829,10371,f6a7e5a1e5c5cee3d1faa98c76a8ac97,anonymous,ReceivingData,0.6840,20,(0.571 0.616 0.610 0.604 0.578 0.600 0.659 0.684 ),NULL,NULL,NULL,NULL,NULL,NULL,NULL,NULL,NULL,NULL,NULL,NULL,NULL,NULL,NULL,NULL,NULL,NULL,NULL,NULL
InputWindowChange,2020-12-03 12:43:11.4834,10371,f6a7e5a1e5c5cee3d1faa98c76a8ac97,anonymous,NULL,NULL,NULL,NULL,Closed,5,-3.7160,0.0000,Running,3.8753,25,0.1667,0,0.0000,0,0.0000,0,0.0000,0,0.0000,0,0.0000,NA,NULL
GameDecision,2020-12-03 12:43:11.4834,10371,f6a7e5a1e5c5cee3d1faa98c76a8ac97,anonymous,NULL,NULL,NULL,NULL,Closed,5,-3.7160,0.0000,Running,3.8753,24,0.2000,0,0.0000,0,0.0000,0,0.0000,0,0.0000,0,0.0000,AccInput,AccInput
Rest,2020-12-03 12:43:13.0284,10481,f6a7e5a1e5c5cee3d1faa98c76a8ac97,anonymous,ReceivingData,0.5606,20,(0.581 0.561 0.794 0.753 0.716 0.693 0.614 0.571 ),NULL,NULL,NULL,NULL,NULL,NULL,NULL,NULL,NULL,NULL,NULL,NULL,NULL,NULL,NULL,NULL,NULL,NULL,NULL,NULL
MotorImagery,2020-12-03 12:43:23.8749,11256,f6a7e5a1e5c5cee3d1faa98c76a8ac97,anonymous,ReceivingData,0.6344,21,(0.615 0.594 0.623 0.669 0.655 0.651 0.634 0.595 ),NULL,NULL,NULL,NULL,NULL,NULL,NULL,NULL,NULL,NULL,NULL,NULL,NULL,NULL,NULL,NULL,NULL,NULL,NULL,NULL
Rest,2020-12-03 12:43:24.1398,11275,f6a7e5a1e5c5cee3d1faa98c76a8ac97,anonymous,ReceivingData,0.5686,21,(0.625 0.593 0.569 0.669 0.655 0.651 0.634 0.640 ),NULL,NULL,NULL,NULL,NULL,NULL,NULL,NULL,NULL,NULL,NULL,NULL,NULL,NULL,NULL,NULL,NULL,NULL,NULL,NULL
MotorImagery,2020-12-03 12:43:24.7665,11320,f6a7e5a1e5c5cee3d1faa98c76a8ac97,anonymous,ReceivingData,0.6629,22,(0.651 0.633 0.672 0.653 0.663 0.578 0.623 0.652 ),NULL,NULL,NULL,NULL,NULL,NULL,NULL,NULL,NULL,NULL,NULL,NULL,NULL,NULL,NULL,NULL,NULL,NULL,NULL,NULL
Rest,2020-12-03 12:43:25.3920,11364,f6a7e5a1e5c5cee3d1faa98c76a8ac97,anonymous,ReceivingData,0.5154,22,(0.651 0.643 0.656 0.608 0.584 0.576 0.515 0.639 ),NULL,NULL,NULL,NULL,NULL,NULL,NULL,NULL,NULL,NULL,NULL,NULL,NULL,NULL,NULL,NULL,NULL,NULL,NULL,NULL
MotorImagery,2020-12-03 12:43:27.0631,11484,f6a7e5a1e5c5cee3d1faa98c76a8ac97,anonymous,ReceivingData,0.5821,23,(0.631 0.595 0.582 0.599 0.610 0.655 0.648 0.656 ),NULL,NULL,NULL,NULL,NULL,NULL,NULL,NULL,NULL,NULL,NULL,NULL,NULL,NULL,NULL,NULL,NULL,NULL,NULL,NULL
Rest,2020-12-03 12:43:27.0770,11485,f6a7e5a1e5c5cee3d1faa98c76a8ac97,anonymous,ReceivingData,0.5624,23,(0.631 0.595 0.582 0.562 0.610 0.655 0.648 0.656 ),NULL,NULL,NULL,NULL,NULL,NULL,NULL,NULL,NULL,NULL,NULL,NULL,NULL,NULL,NULL,NULL,NULL,NULL,NULL,NULL
InputWindowChange,2020-12-03 12:43:27.2030,11494,f6a7e5a1e5c5cee3d1faa98c76a8ac97,anonymous,NULL,NULL,NULL,NULL,Open,6,0.0000,0.0000,Running,1.7662,24,0.2000,0,0.0000,0,0.0000,0,0.0000,0,0.0000,0,0.0000,NA,NULL
MotorImagery,2020-12-03 12:43:30.0156,11695,f6a7e5a1e5c5cee3d1faa98c76a8ac97,anonymous,ReceivingData,0.8613,24,(0.744 0.800 0.824 0.844 0.861 0.667 0.720 0.711 ),NULL,NULL,NULL,NULL,NULL,NULL,NULL,NULL,NULL,NULL,NULL,NULL,NULL,NULL,NULL,NULL,NULL,NULL,NULL,NULL
InputWindowChange,2020-12-03 12:43:30.0156,11695,f6a7e5a1e5c5cee3d1faa98c76a8ac97,anonymous,NULL,NULL,NULL,NULL,Closed,6,-3.1874,0.0000,Running,1.7662,24,0.2000,0,0.0000,0,0.0000,0,0.0000,0,0.0000,0,0.0000,NA,NULL
GameDecision,2020-12-03 12:43:30.0166,11695,f6a7e5a1e5c5cee3d1faa98c76a8ac97,anonymous,NULL,NULL,NULL,NULL,Closed,6,-3.1874,0.0000,Running,1.7662,23,0.2333,0,0.0000,0,0.0000,0,0.0000,0,0.0000,0,0.0000,AccInput,AccInput
Rest,2020-12-03 12:43:31.7838,11821,f6a7e5a1e5c5cee3d1faa98c76a8ac97,anonymous,ReceivingData,0.5525,24,(0.593 0.552 0.649 0.625 0.649 0.670 0.685 0.641 ),NULL,NULL,NULL,NULL,NULL,NULL,NULL,NULL,NULL,NULL,NULL,NULL,NULL,NULL,NULL,NULL,NULL,NULL,NULL,NULL
MotorImagery,2020-12-03 12:43:33.2171,11923,f6a7e5a1e5c5cee3d1faa98c76a8ac97,anonymous,ReceivingData,0.6650,25,(0.667 0.665 0.577 0.590 0.670 0.684 0.646 0.609 ),NULL,NULL,NULL,NULL,NULL,NULL,NULL,NULL,NULL,NULL,NULL,NULL,NULL,NULL,NULL,NULL,NULL,NULL,NULL,NULL
Rest,2020-12-03 12:43:33.5795,11949,f6a7e5a1e5c5cee3d1faa98c76a8ac97,anonymous,ReceivingData,0.5550,25,(0.667 0.665 0.644 0.601 0.627 0.607 0.596 0.555 ),NULL,NULL,NULL,NULL,NULL,NULL,NULL,NULL,NULL,NULL,NULL,NULL,NULL,NULL,NULL,NULL,NULL,NULL,NULL,NULL
MotorImagery,2020-12-03 12:43:37.2835,12214,f6a7e5a1e5c5cee3d1faa98c76a8ac97,anonymous,ReceivingData,0.5798,26,(0.646 0.703 0.689 0.713 0.662 0.580 0.589 0.616 ),NULL,NULL,NULL,NULL,NULL,NULL,NULL,NULL,NULL,NULL,NULL,NULL,NULL,NULL,NULL,NULL,NULL,NULL,NULL,NULL
Rest,2020-12-03 12:43:37.2975,12215,f6a7e5a1e5c5cee3d1faa98c76a8ac97,anonymous,ReceivingData,0.5140,26,(0.646 0.703 0.689 0.713 0.662 0.580 0.514 0.616 ),NULL,NULL,NULL,NULL,NULL,NULL,NULL,NULL,NULL,NULL,NULL,NULL,NULL,NULL,NULL,NULL,NULL,NULL,NULL,NULL
MotorImagery,2020-12-03 12:43:38.5498,12304,f6a7e5a1e5c5cee3d1faa98c76a8ac97,anonymous,ReceivingData,0.7001,27,(0.721 0.682 0.700 0.593 0.646 0.673 0.705 0.752 ),NULL,NULL,NULL,NULL,NULL,NULL,NULL,NULL,NULL,NULL,NULL,NULL,NULL,NULL,NULL,NULL,NULL,NULL,NULL,NULL
Rest,2020-12-03 12:43:38.9811,12335,f6a7e5a1e5c5cee3d1faa98c76a8ac97,anonymous,ReceivingData,0.5317,27,(0.636 0.574 0.532 0.702 0.691 0.663 0.662 0.650 ),NULL,NULL,NULL,NULL,NULL,NULL,NULL,NULL,NULL,NULL,NULL,NULL,NULL,NULL,NULL,NULL,NULL,NULL,NULL,NULL
MotorImagery,2020-12-03 12:43:42.1431,12561,f6a7e5a1e5c5cee3d1faa98c76a8ac97,anonymous,ReceivingData,0.6306,28,(0.630 0.628 0.630 0.627 0.608 0.619 0.631 0.631 ),NULL,NULL,NULL,NULL,NULL,NULL,NULL,NULL,NULL,NULL,NULL,NULL,NULL,NULL,NULL,NULL,NULL,NULL,NULL,NULL
Rest,2020-12-03 12:43:42.3931,12579,f6a7e5a1e5c5cee3d1faa98c76a8ac97,anonymous,ReceivingData,0.5194,28,(0.609 0.581 0.519 0.627 0.608 0.619 0.631 0.633 ),NULL,NULL,NULL,NULL,NULL,NULL,NULL,NULL,NULL,NULL,NULL,NULL,NULL,NULL,NULL,NULL,NULL,NULL,NULL,NULL
InputWindowChange,2020-12-03 12:43:45.2067,12780,f6a7e5a1e5c5cee3d1faa98c76a8ac97,anonymous,NULL,NULL,NULL,NULL,Open,7,0.0000,0.0000,Running,3.1107,23,0.2333,0,0.0000,0,0.0000,0,0.0000,0,0.0000,0,0.0000,NA,NULL
MotorImagery,2020-12-03 12:43:46.7516,12890,f6a7e5a1e5c5cee3d1faa98c76a8ac97,anonymous,ReceivingData,0.6249,29,(0.605 0.612 0.615 0.617 0.625 0.600 0.631 0.605 ),NULL,NULL,NULL,NULL,NULL,NULL,NULL,NULL,NULL,NULL,NULL,NULL,NULL,NULL,NULL,NULL,NULL,NULL,NULL,NULL
InputWindowChange,2020-12-03 12:43:46.7526,12890,f6a7e5a1e5c5cee3d1faa98c76a8ac97,anonymous,NULL,NULL,NULL,NULL,Closed,7,-4.4561,0.0000,Running,3.1107,23,0.2333,0,0.0000,0,0.0000,0,0.0000,0,0.0000,0,0.0000,NA,NULL
GameDecision,2020-12-03 12:43:46.7531,12890,f6a7e5a1e5c5cee3d1faa98c76a8ac97,anonymous,NULL,NULL,NULL,NULL,Closed,7,-4.4561,0.0000,Running,3.1107,22,0.2667,0,0.0000,0,0.0000,0,0.0000,0,0.0000,0,0.0000,AccInput,AccInput
Rest,2020-12-03 12:43:46.8630,12898,f6a7e5a1e5c5cee3d1faa98c76a8ac97,anonymous,ReceivingData,0.5630,29,(0.605 0.612 0.615 0.617 0.625 0.563 0.631 0.605 ),NULL,NULL,NULL,NULL,NULL,NULL,NULL,NULL,NULL,NULL,NULL,NULL,NULL,NULL,NULL,NULL,NULL,NULL,NULL,NULL
MotorImagery,2020-12-03 12:43:47.3794,12935,f6a7e5a1e5c5cee3d1faa98c76a8ac97,anonymous,ReceivingData,0.6532,30,(0.601 0.636 0.662 0.683 0.666 0.653 0.608 0.597 ),NULL,NULL,NULL,NULL,NULL,NULL,NULL,NULL,NULL,NULL,NULL,NULL,NULL,NULL,NULL,NULL,NULL,NULL,NULL,NULL
Rest,2020-12-03 12:43:47.7685,12963,f6a7e5a1e5c5cee3d1faa98c76a8ac97,anonymous,ReceivingData,0.5081,30,(0.587 0.601 0.606 0.604 0.605 0.508 0.600 0.607 ),NULL,NULL,NULL,NULL,NULL,NULL,NULL,NULL,NULL,NULL,NULL,NULL,NULL,NULL,NULL,NULL,NULL,NULL,NULL,NULL
MotorImagery,2020-12-03 12:43:54.9251,13474,f6a7e5a1e5c5cee3d1faa98c76a8ac97,anonymous,ReceivingData,0.7094,31,(0.744 0.760 0.735 0.725 0.709 0.625 0.709 0.773 ),NULL,NULL,NULL,NULL,NULL,NULL,NULL,NULL,NULL,NULL,NULL,NULL,NULL,NULL,NULL,NULL,NULL,NULL,NULL,NULL
Rest,2020-12-03 12:43:55.4267,13510,f6a7e5a1e5c5cee3d1faa98c76a8ac97,anonymous,ReceivingData,0.5338,31,(0.711 0.686 0.669 0.646 0.534 0.695 0.736 0.711 ),NULL,NULL,NULL,NULL,NULL,NULL,NULL,NULL,NULL,NULL,NULL,NULL,NULL,NULL,NULL,NULL,NULL,NULL,NULL,NULL
MotorImagery,2020-12-03 12:44:01.9429,13975,f6a7e5a1e5c5cee3d1faa98c76a8ac97,anonymous,ReceivingData,0.8771,32,(0.877 0.623 0.651 0.775 0.768 0.770 0.843 0.872 ),NULL,NULL,NULL,NULL,NULL,NULL,NULL,NULL,NULL,NULL,NULL,NULL,NULL,NULL,NULL,NULL,NULL,NULL,NULL,NULL
InputWindowChange,2020-12-03 12:44:03.2100,14065,f6a7e5a1e5c5cee3d1faa98c76a8ac97,anonymous,NULL,NULL,NULL,NULL,Open,8,0.0000,0.0000,Running,3.7963,22,0.2667,0,0.0000,0,0.0000,0,0.0000,0,0.0000,0,0.0000,NA,NULL
Rest,2020-12-03 12:44:04.3929,14150,f6a7e5a1e5c5cee3d1faa98c76a8ac97,anonymous,ReceivingData,0.5497,32,(0.609 0.584 0.550 0.622 0.621 0.600 0.595 0.590 ),NULL,NULL,NULL,NULL,NULL,NULL,NULL,NULL,NULL,NULL,NULL,NULL,NULL,NULL,NULL,NULL,NULL,NULL,NULL,NULL
MotorImagery,2020-12-03 12:44:05.0198,14195,f6a7e5a1e5c5cee3d1faa98c76a8ac97,anonymous,ReceivingData,0.8071,33,(0.645 0.647 0.685 0.782 0.812 0.807 0.582 0.647 ),NULL,NULL,NULL,NULL,NULL,NULL,NULL,NULL,NULL,NULL,NULL,NULL,NULL,NULL,NULL,NULL,NULL,NULL,NULL,NULL
InputWindowChange,2020-12-03 12:44:05.0208,14195,f6a7e5a1e5c5cee3d1faa98c76a8ac97,anonymous,NULL,NULL,NULL,NULL,Closed,8,-4.1908,0.0000,Running,3.7963,22,0.2667,0,0.0000,0,0.0000,0,0.0000,0,0.0000,0,0.0000,NA,NULL
GameDecision,2020-12-03 12:44:05.0218,14195,f6a7e5a1e5c5cee3d1faa98c76a8ac97,anonymous,NULL,NULL,NULL,NULL,Closed,8,-4.1908,0.0000,Running,3.7963,21,0.3000,0,0.0000,0,0.0000,0,0.0000,0,0.0000,0,0.0000,AccInput,AccInput
Rest,2020-12-03 12:44:06.6915,14314,f6a7e5a1e5c5cee3d1faa98c76a8ac97,anonymous,ReceivingData,0.5608,33,(0.561 0.823 0.761 0.689 0.650 0.644 0.634 0.580 ),NULL,NULL,NULL,NULL,NULL,NULL,NULL,NULL,NULL,NULL,NULL,NULL,NULL,NULL,NULL,NULL,NULL,NULL,NULL,NULL
InputWindowChange,2020-12-03 12:44:21.2128,15351,f6a7e5a1e5c5cee3d1faa98c76a8ac97,anonymous,NULL,NULL,NULL,NULL,Open,9,0.0000,0.0000,Running,2.9493,21,0.3000,0,0.0000,0,0.0000,0,0.0000,0,0.0000,0,0.0000,NA,NULL
MotorImagery,2020-12-03 12:44:22.3970,15436,f6a7e5a1e5c5cee3d1faa98c76a8ac97,anonymous,ReceivingData,0.6529,34,(0.596 0.618 0.592 0.598 0.611 0.634 0.653 0.572 ),NULL,NULL,NULL,NULL,NULL,NULL,NULL,NULL,NULL,NULL,NULL,NULL,NULL,NULL,NULL,NULL,NULL,NULL,NULL,NULL
InputWindowChange,2020-12-03 12:44:22.3970,15436,f6a7e5a1e5c5cee3d1faa98c76a8ac97,anonymous,NULL,NULL,NULL,NULL,Closed,9,-4.8171,0.0000,Running,2.9493,21,0.3000,0,0.0000,0,0.0000,0,0.0000,0,0.0000,0,0.0000,NA,NULL
GameDecision,2020-12-03 12:44:22.3985,15436,f6a7e5a1e5c5cee3d1faa98c76a8ac97,anonymous,NULL,NULL,NULL,NULL,Closed,9,-4.8171,0.0000,Running,2.9493,20,0.3333,0,0.0000,0,0.0000,0,0.0000,0,0.0000,0,0.0000,AccInput,AccInput
Rest,2020-12-03 12:44:22.6478,15454,f6a7e5a1e5c5cee3d1faa98c76a8ac97,anonymous,ReceivingData,0.5563,34,(0.636 0.608 0.556 0.598 0.611 0.634 0.653 0.691 ),NULL,NULL,NULL,NULL,NULL,NULL,NULL,NULL,NULL,NULL,NULL,NULL,NULL,NULL,NULL,NULL,NULL,NULL,NULL,NULL
MotorImagery,2020-12-03 12:44:23.5520,15518,f6a7e5a1e5c5cee3d1faa98c76a8ac97,anonymous,ReceivingData,0.6445,35,(0.599 0.633 0.644 0.585 0.627 0.637 0.638 0.582 ),NULL,NULL,NULL,NULL,NULL,NULL,NULL,NULL,NULL,NULL,NULL,NULL,NULL,NULL,NULL,NULL,NULL,NULL,NULL,NULL
Rest,2020-12-03 12:44:24.0537,15554,f6a7e5a1e5c5cee3d1faa98c76a8ac97,anonymous,ReceivingData,0.5533,35,(0.598 0.602 0.612 0.553 0.674 0.662 0.633 0.576 ),NULL,NULL,NULL,NULL,NULL,NULL,NULL,NULL,NULL,NULL,NULL,NULL,NULL,NULL,NULL,NULL,NULL,NULL,NULL,NULL
MotorImagery,2020-12-03 12:44:33.5230,16231,f6a7e5a1e5c5cee3d1faa98c76a8ac97,anonymous,ReceivingData,0.7161,36,(0.716 0.618 0.671 0.746 0.722 0.698 0.708 0.723 ),NULL,NULL,NULL,NULL,NULL,NULL,NULL,NULL,NULL,NULL,NULL,NULL,NULL,NULL,NULL,NULL,NULL,NULL,NULL,NULL
Rest,2020-12-03 12:44:34.0089,16265,f6a7e5a1e5c5cee3d1faa98c76a8ac97,anonymous,ReceivingData,0.5429,36,(0.543 0.689 0.701 0.701 0.690 0.642 0.613 0.581 ),NULL,NULL,NULL,NULL,NULL,NULL,NULL,NULL,NULL,NULL,NULL,NULL,NULL,NULL,NULL,NULL,NULL,NULL,NULL,NULL
MotorImagery,2020-12-03 12:44:37.3506,16504,f6a7e5a1e5c5cee3d1faa98c76a8ac97,anonymous,ReceivingData,0.5982,37,(0.598 0.656 0.643 0.679 0.678 0.664 0.646 0.644 ),NULL,NULL,NULL,NULL,NULL,NULL,NULL,NULL,NULL,NULL,NULL,NULL,NULL,NULL,NULL,NULL,NULL,NULL,NULL,NULL
Rest,2020-12-03 12:44:37.4481,16511,f6a7e5a1e5c5cee3d1faa98c76a8ac97,anonymous,ReceivingData,0.5338,37,(0.598 0.582 0.534 0.679 0.678 0.664 0.646 0.644 ),NULL,NULL,NULL,NULL,NULL,NULL,NULL,NULL,NULL,NULL,NULL,NULL,NULL,NULL,NULL,NULL,NULL,NULL,NULL,NULL
MotorImagery,2020-12-03 12:44:38.8829,16613,f6a7e5a1e5c5cee3d1faa98c76a8ac97,anonymous,ReceivingData,0.5827,38,(0.621 0.619 0.583 0.629 0.655 0.680 0.674 0.641 ),NULL,NULL,NULL,NULL,NULL,NULL,NULL,NULL,NULL,NULL,NULL,NULL,NULL,NULL,NULL,NULL,NULL,NULL,NULL,NULL
Rest,2020-12-03 12:44:38.9938,16621,f6a7e5a1e5c5cee3d1faa98c76a8ac97,anonymous,ReceivingData,0.4548,38,(0.621 0.619 0.583 0.455 0.655 0.680 0.674 0.641 ),NULL,NULL,NULL,NULL,NULL,NULL,NULL,NULL,NULL,NULL,NULL,NULL,NULL,NULL,NULL,NULL,NULL,NULL,NULL,NULL
InputWindowChange,2020-12-03 12:44:39.2179,16637,f6a7e5a1e5c5cee3d1faa98c76a8ac97,anonymous,NULL,NULL,NULL,NULL,Open,10,0.0000,0.0000,Running,1.8722,20,0.3333,0,0.0000,0,0.0000,0,0.0000,0,0.0000,0,0.0000,NA,NULL
MotorImagery,2020-12-03 12:44:42.3361,16860,f6a7e5a1e5c5cee3d1faa98c76a8ac97,anonymous,ReceivingData,0.7129,39,(0.653 0.679 0.704 0.732 0.713 0.594 0.660 0.664 ),NULL,NULL,NULL,NULL,NULL,NULL,NULL,NULL,NULL,NULL,NULL,NULL,NULL,NULL,NULL,NULL,NULL,NULL,NULL,NULL
InputWindowChange,2020-12-03 12:44:42.3361,16860,f6a7e5a1e5c5cee3d1faa98c76a8ac97,anonymous,NULL,NULL,NULL,NULL,Closed,10,-2.8806,0.0000,Running,1.8722,20,0.3333,0,0.0000,0,0.0000,0,0.0000,0,0.0000,0,0.0000,NA,NULL
GameDecision,2020-12-03 12:44:42.3371,16860,f6a7e5a1e5c5cee3d1faa98c76a8ac97,anonymous,NULL,NULL,NULL,NULL,Closed,10,-2.8806,0.0000,Running,1.8722,19,0.3667,0,0.0000,0,0.0000,0,0.0000,0,0.0000,0,0.0000,AccInput,AccInput
Rest,2020-12-03 12:44:42.9770,16906,f6a7e5a1e5c5cee3d1faa98c76a8ac97,anonymous,ReceivingData,0.5179,39,(0.587 0.574 0.581 0.571 0.584 0.581 0.518 0.578 ),NULL,NULL,NULL,NULL,NULL,NULL,NULL,NULL,NULL,NULL,NULL,NULL,NULL,NULL,NULL,NULL,NULL,NULL,NULL,NULL
InputWindowChange,2020-12-03 12:44:57.2208,17923,f6a7e5a1e5c5cee3d1faa98c76a8ac97,anonymous,NULL,NULL,NULL,NULL,Open,11,0.0000,0.0000,Running,4.3068,19,0.3667,0,0.0000,0,0.0000,0,0.0000,0,0.0000,0,0.0000,NA,NULL
MotorImagery,2020-12-03 12:44:59.6987,18100,f6a7e5a1e5c5cee3d1faa98c76a8ac97,anonymous,ReceivingData,0.8257,40,(0.737 0.785 0.797 0.804 0.811 0.826 0.591 0.669 ),NULL,NULL,NULL,NULL,NULL,NULL,NULL,NULL,NULL,NULL,NULL,NULL,NULL,NULL,NULL,NULL,NULL,NULL,NULL,NULL
InputWindowChange,2020-12-03 12:44:59.6997,18100,f6a7e5a1e5c5cee3d1faa98c76a8ac97,anonymous,NULL,NULL,NULL,NULL,Closed,11,-3.5217,0.0000,Running,4.3068,19,0.3667,0,0.0000,0,0.0000,0,0.0000,0,0.0000,0,0.0000,NA,NULL
GameDecision,2020-12-03 12:44:59.7007,18100,f6a7e5a1e5c5cee3d1faa98c76a8ac97,anonymous,NULL,NULL,NULL,NULL,Closed,11,-3.5217,0.0000,Running,4.3068,18,0.4000,0,0.0000,0,0.0000,0,0.0000,0,0.0000,0,0.0000,AccInput,AccInput
Rest,2020-12-03 12:45:00.7154,18173,f6a7e5a1e5c5cee3d1faa98c76a8ac97,anonymous,ReceivingData,0.5597,40,(0.708 0.647 0.580 0.573 0.570 0.590 0.560 0.730 ),NULL,NULL,NULL,NULL,NULL,NULL,NULL,NULL,NULL,NULL,NULL,NULL,NULL,NULL,NULL,NULL,NULL,NULL,NULL,NULL
MotorImagery,2020-12-03 12:45:07.3563,18648,f6a7e5a1e5c5cee3d1faa98c76a8ac97,anonymous,ReceivingData,0.7063,41,(0.690 0.693 0.713 0.702 0.697 0.706 0.632 0.669 ),NULL,NULL,NULL,NULL,NULL,NULL,NULL,NULL,NULL,NULL,NULL,NULL,NULL,NULL,NULL,NULL,NULL,NULL,NULL,NULL
Rest,2020-12-03 12:45:07.7469,18675,f6a7e5a1e5c5cee3d1faa98c76a8ac97,anonymous,ReceivingData,0.5633,41,(0.706 0.658 0.658 0.635 0.563 0.706 0.708 0.705 ),NULL,NULL,NULL,NULL,NULL,NULL,NULL,NULL,NULL,NULL,NULL,NULL,NULL,NULL,NULL,NULL,NULL,NULL,NULL,NULL
MotorImagery,2020-12-03 12:45:14.7925,19179,f6a7e5a1e5c5cee3d1faa98c76a8ac97,anonymous,ReceivingData,0.7388,42,(0.732 0.719 0.739 0.582 0.603 0.596 0.697 0.699 ),NULL,NULL,NULL,NULL,NULL,NULL,NULL,NULL,NULL,NULL,NULL,NULL,NULL,NULL,NULL,NULL,NULL,NULL,NULL,NULL
InputWindowChange,2020-12-03 12:45:15.2252,19210,f6a7e5a1e5c5cee3d1faa98c76a8ac97,anonymous,NULL,NULL,NULL,NULL,Open,12,0.0000,0.0000,Running,3.6889,18,0.4000,0,0.0000,0,0.0000,0,0.0000,0,0.0000,0,0.0000,NA,NULL
Rest,2020-12-03 12:45:15.4057,19223,f6a7e5a1e5c5cee3d1faa98c76a8ac97,anonymous,ReceivingData,0.5455,42,(0.647 0.629 0.596 0.545 0.664 0.654 0.646 0.647 ),NULL,NULL,NULL,NULL,NULL,NULL,NULL,NULL,NULL,NULL,NULL,NULL,NULL,NULL,NULL,NULL,NULL,NULL,NULL,NULL
MotorImagery,2020-12-03 12:45:19.3731,19506,f6a7e5a1e5c5cee3d1faa98c76a8ac97,anonymous,ReceivingData,0.6605,43,(0.621 0.613 0.624 0.605 0.611 0.660 0.576 0.628 ),NULL,NULL,NULL,NULL,NULL,NULL,NULL,NULL,NULL,NULL,NULL,NULL,NULL,NULL,NULL,NULL,NULL,NULL,NULL,NULL
InputWindowChange,2020-12-03 12:45:19.3731,19506,f6a7e5a1e5c5cee3d1faa98c76a8ac97,anonymous,NULL,NULL,NULL,NULL,Closed,12,-1.8508,0.0000,Running,3.6889,18,0.4000,0,0.0000,0,0.0000,0,0.0000,0,0.0000,0,0.0000,NA,NULL
GameDecision,2020-12-03 12:45:19.3741,19506,f6a7e5a1e5c5cee3d1faa98c76a8ac97,anonymous,NULL,NULL,NULL,NULL,Closed,12,-1.8508,0.0000,Running,3.6889,17,0.4333,0,0.0000,0,0.0000,0,0.0000,0,0.0000,0,0.0000,AccInput,AccInput
Rest,2020-12-03 12:45:20.5290,19589,f6a7e5a1e5c5cee3d1faa98c76a8ac97,anonymous,ReceivingData,0.5283,43,(0.621 0.528 0.731 0.723 0.722 0.687 0.642 0.653 ),NULL,NULL,NULL,NULL,NULL,NULL,NULL,NULL,NULL,NULL,NULL,NULL,NULL,NULL,NULL,NULL,NULL,NULL,NULL,NULL
MotorImagery,2020-12-03 12:45:26.0300,19982,f6a7e5a1e5c5cee3d1faa98c76a8ac97,anonymous,ReceivingData,0.7090,44,(0.602 0.621 0.654 0.658 0.676 0.709 0.624 0.595 ),NULL,NULL,NULL,NULL,NULL,NULL,NULL,NULL,NULL,NULL,NULL,NULL,NULL,NULL,NULL,NULL,NULL,NULL,NULL,NULL
Rest,2020-12-03 12:45:26.5305,20018,f6a7e5a1e5c5cee3d1faa98c76a8ac97,anonymous,ReceivingData,0.5307,44,(0.762 0.742 0.770 0.776 0.708 0.674 0.531 0.776 ),NULL,NULL,NULL,NULL,NULL,NULL,NULL,NULL,NULL,NULL,NULL,NULL,NULL,NULL,NULL,NULL,NULL,NULL,NULL,NULL
MotorImagery,2020-12-03 12:45:29.6088,20238,f6a7e5a1e5c5cee3d1faa98c76a8ac97,anonymous,ReceivingData,0.6277,45,(0.618 0.628 0.585 0.608 0.649 0.656 0.655 0.647 ),NULL,NULL,NULL,NULL,NULL,NULL,NULL,NULL,NULL,NULL,NULL,NULL,NULL,NULL,NULL,NULL,NULL,NULL,NULL,NULL
Rest,2020-12-03 12:45:29.9704,20264,f6a7e5a1e5c5cee3d1faa98c76a8ac97,anonymous,ReceivingData,0.5551,45,(0.618 0.628 0.647 0.680 0.674 0.634 0.555 0.647 ),NULL,NULL,NULL,NULL,NULL,NULL,NULL,NULL,NULL,NULL,NULL,NULL,NULL,NULL,NULL,NULL,NULL,NULL,NULL,NULL
InputWindowChange,2020-12-03 12:45:33.2283,20496,f6a7e5a1e5c5cee3d1faa98c76a8ac97,anonymous,NULL,NULL,NULL,NULL,Open,13,0.0000,0.0000,Running,1.2240,17,0.4333,0,0.0000,0,0.0000,0,0.0000,0,0.0000,0,0.0000,NA,NULL
MotorImagery,2020-12-03 12:45:35.2055,20638,f6a7e5a1e5c5cee3d1faa98c76a8ac97,anonymous,ReceivingData,0.6087,46,(0.610 0.606 0.627 0.656 0.637 0.635 0.609 0.578 ),NULL,NULL,NULL,NULL,NULL,NULL,NULL,NULL,NULL,NULL,NULL,NULL,NULL,NULL,NULL,NULL,NULL,NULL,NULL,NULL
InputWindowChange,2020-12-03 12:45:35.2065,20638,f6a7e5a1e5c5cee3d1faa98c76a8ac97,anonymous,NULL,NULL,NULL,NULL,Closed,13,-4.0222,0.0000,Running,1.2240,17,0.4333,0,0.0000,0,0.0000,0,0.0000,0,0.0000,0,0.0000,NA,NULL
GameDecision,2020-12-03 12:45:35.2075,20638,f6a7e5a1e5c5cee3d1faa98c76a8ac97,anonymous,NULL,NULL,NULL,NULL,Closed,13,-4.0222,0.0000,Running,1.2240,16,0.4667,0,0.0000,0,0.0000,0,0.0000,0,0.0000,0,0.0000,AccInput,AccInput
Rest,2020-12-03 12:45:36.3612,20720,f6a7e5a1e5c5cee3d1faa98c76a8ac97,anonymous,ReceivingData,0.5331,46,(0.583 0.533 0.613 0.613 0.591 0.581 0.571 0.595 ),NULL,NULL,NULL,NULL,NULL,NULL,NULL,NULL,NULL,NULL,NULL,NULL,NULL,NULL,NULL,NULL,NULL,NULL,NULL,NULL
MotorImagery,2020-12-03 12:45:42.7659,21178,f6a7e5a1e5c5cee3d1faa98c76a8ac97,anonymous,ReceivingData,0.6020,47,(0.576 0.589 0.604 0.591 0.609 0.602 0.603 0.617 ),NULL,NULL,NULL,NULL,NULL,NULL,NULL,NULL,NULL,NULL,NULL,NULL,NULL,NULL,NULL,NULL,NULL,NULL,NULL,NULL
Rest,2020-12-03 12:45:42.8924,21187,f6a7e5a1e5c5cee3d1faa98c76a8ac97,anonymous,ReceivingData,0.5537,47,(0.576 0.589 0.604 0.591 0.609 0.602 0.589 0.554 ),NULL,NULL,NULL,NULL,NULL,NULL,NULL,NULL,NULL,NULL,NULL,NULL,NULL,NULL,NULL,NULL,NULL,NULL,NULL,NULL
InputWindowChange,2020-12-03 12:45:51.2308,21783,f6a7e5a1e5c5cee3d1faa98c76a8ac97,anonymous,NULL,NULL,NULL,NULL,Open,14,0.0000,0.0000,Running,2.3610,16,0.4667,0,0.0000,0,0.0000,0,0.0000,0,0.0000,0,0.0000,NA,NULL
MotorImagery,2020-12-03 12:45:53.8768,21972,f6a7e5a1e5c5cee3d1faa98c76a8ac97,anonymous,ReceivingData,0.5885,48,(0.607 0.607 0.590 0.592 0.600 0.579 0.589 0.595 ),NULL,NULL,NULL,NULL,NULL,NULL,NULL,NULL,NULL,NULL,NULL,NULL,NULL,NULL,NULL,NULL,NULL,NULL,NULL,NULL
InputWindowChange,2020-12-03 12:45:53.8768,21972,f6a7e5a1e5c5cee3d1faa98c76a8ac97,anonymous,NULL,NULL,NULL,NULL,Closed,14,-3.3562,0.0000,Running,2.3610,16,0.4667,0,0.0000,0,0.0000,0,0.0000,0,0.0000,0,0.0000,NA,NULL
GameDecision,2020-12-03 12:45:53.8778,21972,f6a7e5a1e5c5cee3d1faa98c76a8ac97,anonymous,NULL,NULL,NULL,NULL,Closed,14,-3.3562,0.0000,Running,2.3610,15,0.5000,0,0.0000,0,0.0000,0,0.0000,0,0.0000,0,0.0000,AccInput,AccInput
Rest,2020-12-03 12:45:54.0158,21982,f6a7e5a1e5c5cee3d1faa98c76a8ac97,anonymous,ReceivingData,0.5385,48,(0.539 0.607 0.590 0.592 0.600 0.579 0.589 0.603 ),NULL,NULL,NULL,NULL,NULL,NULL,NULL,NULL,NULL,NULL,NULL,NULL,NULL,NULL,NULL,NULL,NULL,NULL,NULL,NULL
MotorImagery,2020-12-03 12:46:01.0327,22484,f6a7e5a1e5c5cee3d1faa98c76a8ac97,anonymous,ReceivingData,0.6744,49,(0.625 0.686 0.697 0.645 0.634 0.616 0.674 0.581 ),NULL,NULL,NULL,NULL,NULL,NULL,NULL,NULL,NULL,NULL,NULL,NULL,NULL,NULL,NULL,NULL,NULL,NULL,NULL,NULL
Rest,2020-12-03 12:46:01.7857,22537,f6a7e5a1e5c5cee3d1faa98c76a8ac97,anonymous,ReceivingData,0.5617,49,(0.604 0.589 0.562 0.615 0.655 0.650 0.627 0.613 ),NULL,NULL,NULL,NULL,NULL,NULL,NULL,NULL,NULL,NULL,NULL,NULL,NULL,NULL,NULL,NULL,NULL,NULL,NULL,NULL
MotorImagery,2020-12-03 12:46:04.5986,22738,f6a7e5a1e5c5cee3d1faa98c76a8ac97,anonymous,ReceivingData,0.6221,50,(0.622 0.623 0.651 0.674 0.628 0.607 0.604 0.603 ),NULL,NULL,NULL,NULL,NULL,NULL,NULL,NULL,NULL,NULL,NULL,NULL,NULL,NULL,NULL,NULL,NULL,NULL,NULL,NULL
Rest,2020-12-03 12:46:04.7235,22747,f6a7e5a1e5c5cee3d1faa98c76a8ac97,anonymous,ReceivingData,0.5620,50,(0.622 0.642 0.619 0.562 0.628 0.607 0.604 0.603 ),NULL,NULL,NULL,NULL,NULL,NULL,NULL,NULL,NULL,NULL,NULL,NULL,NULL,NULL,NULL,NULL,NULL,NULL,NULL,NULL
InputWindowChange,2020-12-03 12:46:09.2347,23070,f6a7e5a1e5c5cee3d1faa98c76a8ac97,anonymous,NULL,NULL,NULL,NULL,Open,15,0.0000,0.0000,Running,1.7367,15,0.5000,0,0.0000,0,0.0000,0,0.0000,0,0.0000,0,0.0000,NA,NULL
MotorImagery,2020-12-03 12:46:09.9875,23124,f6a7e5a1e5c5cee3d1faa98c76a8ac97,anonymous,ReceivingData,0.6988,51,(0.702 0.716 0.704 0.699 0.589 0.637 0.639 0.657 ),NULL,NULL,NULL,NULL,NULL,NULL,NULL,NULL,NULL,NULL,NULL,NULL,NULL,NULL,NULL,NULL,NULL,NULL,NULL,NULL
InputWindowChange,2020-12-03 12:46:09.9965,23124,f6a7e5a1e5c5cee3d1faa98c76a8ac97,anonymous,NULL,NULL,NULL,NULL,Closed,15,-5.2486,0.0000,Running,1.7367,15,0.5000,0,0.0000,0,0.0000,0,0.0000,0,0.0000,0,0.0000,NA,NULL
GameDecision,2020-12-03 12:46:09.9975,23124,f6a7e5a1e5c5cee3d1faa98c76a8ac97,anonymous,NULL,NULL,NULL,NULL,Closed,15,-5.2486,0.0000,Running,1.7367,14,0.5333,0,0.0000,0,0.0000,0,0.0000,0,0.0000,0,0.0000,AccInput,AccInput
Rest,2020-12-03 12:46:10.4734,23158,f6a7e5a1e5c5cee3d1faa98c76a8ac97,anonymous,ReceivingData,0.5042,51,(0.676 0.663 0.585 0.504 0.679 0.694 0.680 0.662 ),NULL,NULL,NULL,NULL,NULL,NULL,NULL,NULL,NULL,NULL,NULL,NULL,NULL,NULL,NULL,NULL,NULL,NULL,NULL,NULL
MotorImagery,2020-12-03 12:46:22.4899,24017,f6a7e5a1e5c5cee3d1faa98c76a8ac97,anonymous,ReceivingData,0.5880,52,(0.674 0.598 0.598 0.588 0.581 0.615 0.670 0.673 ),NULL,NULL,NULL,NULL,NULL,NULL,NULL,NULL,NULL,NULL,NULL,NULL,NULL,NULL,NULL,NULL,NULL,NULL,NULL,NULL
Rest,2020-12-03 12:46:22.5044,24018,f6a7e5a1e5c5cee3d1faa98c76a8ac97,anonymous,ReceivingData,0.5672,52,(0.674 0.598 0.598 0.588 0.567 0.615 0.670 0.673 ),NULL,NULL,NULL,NULL,NULL,NULL,NULL,NULL,NULL,NULL,NULL,NULL,NULL,NULL,NULL,NULL,NULL,NULL,NULL,NULL
InputWindowChange,2020-12-03 12:46:27.2385,24356,f6a7e5a1e5c5cee3d1faa98c76a8ac97,anonymous,NULL,NULL,NULL,NULL,Open,16,0.0000,0.0000,Running,2.8975,14,0.5333,0,0.0000,0,0.0000,0,0.0000,0,0.0000,0,0.0000,NA,NULL
MotorImagery,2020-12-03 12:46:30.6774,24602,f6a7e5a1e5c5cee3d1faa98c76a8ac97,anonymous,ReceivingData,0.7484,53,(0.669 0.721 0.736 0.731 0.748 0.570 0.628 0.634 ),NULL,NULL,NULL,NULL,NULL,NULL,NULL,NULL,NULL,NULL,NULL,NULL,NULL,NULL,NULL,NULL,NULL,NULL,NULL,NULL
InputWindowChange,2020-12-03 12:46:30.6774,24602,f6a7e5a1e5c5cee3d1faa98c76a8ac97,anonymous,NULL,NULL,NULL,NULL,Closed,16,-2.5605,0.0000,Running,2.8975,14,0.5333,0,0.0000,0,0.0000,0,0.0000,0,0.0000,0,0.0000,NA,NULL
GameDecision,2020-12-03 12:46:30.6784,24602,f6a7e5a1e5c5cee3d1faa98c76a8ac97,anonymous,NULL,NULL,NULL,NULL,Closed,16,-2.5605,0.0000,Running,2.8975,13,0.5667,0,0.0000,0,0.0000,0,0.0000,0,0.0000,0,0.0000,AccInput,AccInput
Rest,2020-12-03 12:46:31.4580,24658,f6a7e5a1e5c5cee3d1faa98c76a8ac97,anonymous,ReceivingData,0.5691,53,(0.676 0.661 0.569 0.723 0.741 0.694 0.668 0.644 ),NULL,NULL,NULL,NULL,NULL,NULL,NULL,NULL,NULL,NULL,NULL,NULL,NULL,NULL,NULL,NULL,NULL,NULL,NULL,NULL
MotorImagery,2020-12-03 12:46:39.1009,25204,f6a7e5a1e5c5cee3d1faa98c76a8ac97,anonymous,ReceivingData,0.6160,54,(0.616 0.604 0.644 0.677 0.633 0.644 0.650 0.652 ),NULL,NULL,NULL,NULL,NULL,NULL,NULL,NULL,NULL,NULL,NULL,NULL,NULL,NULL,NULL,NULL,NULL,NULL,NULL,NULL
Rest,2020-12-03 12:46:39.1290,25206,f6a7e5a1e5c5cee3d1faa98c76a8ac97,anonymous,ReceivingData,0.5620,54,(0.616 0.583 0.562 0.677 0.633 0.644 0.650 0.652 ),NULL,NULL,NULL,NULL,NULL,NULL,NULL,NULL,NULL,NULL,NULL,NULL,NULL,NULL,NULL,NULL,NULL,NULL,NULL,NULL
MotorImagery,2020-12-03 12:46:39.6301,25242,f6a7e5a1e5c5cee3d1faa98c76a8ac97,anonymous,ReceivingData,0.5980,55,(0.609 0.582 0.598 0.588 0.669 0.700 0.654 0.635 ),NULL,NULL,NULL,NULL,NULL,NULL,NULL,NULL,NULL,NULL,NULL,NULL,NULL,NULL,NULL,NULL,NULL,NULL,NULL,NULL
Rest,2020-12-03 12:46:40.7719,25324,f6a7e5a1e5c5cee3d1faa98c76a8ac97,anonymous,ReceivingData,0.5408,55,(0.691 0.688 0.709 0.712 0.674 0.541 0.660 0.667 ),NULL,NULL,NULL,NULL,NULL,NULL,NULL,NULL,NULL,NULL,NULL,NULL,NULL,NULL,NULL,NULL,NULL,NULL,NULL,NULL
MotorImagery,2020-12-03 12:46:44.9631,25623,f6a7e5a1e5c5cee3d1faa98c76a8ac97,anonymous,ReceivingData,0.6960,56,(0.573 0.631 0.696 0.696 0.606 0.587 0.584 0.600 ),NULL,NULL,NULL,NULL,NULL,NULL,NULL,NULL,NULL,NULL,NULL,NULL,NULL,NULL,NULL,NULL,NULL,NULL,NULL,NULL
InputWindowChange,2020-12-03 12:46:45.2416,25643,f6a7e5a1e5c5cee3d1faa98c76a8ac97,anonymous,NULL,NULL,NULL,NULL,Open,17,0.0000,0.0000,Running,2.2278,13,0.5667,0,0.0000,0,0.0000,0,0.0000,0,0.0000,0,0.0000,NA,NULL
Rest,2020-12-03 12:46:45.6174,25670,f6a7e5a1e5c5cee3d1faa98c76a8ac97,anonymous,ReceivingData,0.5443,56,(0.642 0.610 0.608 0.648 0.625 0.544 0.674 0.658 ),NULL,NULL,NULL,NULL,NULL,NULL,NULL,NULL,NULL,NULL,NULL,NULL,NULL,NULL,NULL,NULL,NULL,NULL,NULL,NULL
MotorImagery,2020-12-03 12:46:48.1937,25854,f6a7e5a1e5c5cee3d1faa98c76a8ac97,anonymous,ReceivingData,0.7167,57,(0.710 0.717 0.579 0.606 0.639 0.643 0.642 0.676 ),NULL,NULL,NULL,NULL,NULL,NULL,NULL,NULL,NULL,NULL,NULL,NULL,NULL,NULL,NULL,NULL,NULL,NULL,NULL,NULL
InputWindowChange,2020-12-03 12:46:48.1942,25854,f6a7e5a1e5c5cee3d1faa98c76a8ac97,anonymous,NULL,NULL,NULL,NULL,Closed,17,-3.0465,0.0000,Running,2.2278,13,0.5667,0,0.0000,0,0.0000,0,0.0000,0,0.0000,0,0.0000,NA,NULL
GameDecision,2020-12-03 12:46:48.1952,25854,f6a7e5a1e5c5cee3d1faa98c76a8ac97,anonymous,NULL,NULL,NULL,NULL,Closed,17,-3.0465,0.0000,Running,2.2278,12,0.6000,0,0.0000,0,0.0000,0,0.0000,0,0.0000,0,0.0000,AccInput,AccInput
Rest,2020-12-03 12:46:49.3350,25936,f6a7e5a1e5c5cee3d1faa98c76a8ac97,anonymous,ReceivingData,0.5556,57,(0.634 0.605 0.573 0.556 0.665 0.660 0.667 0.652 ),NULL,NULL,NULL,NULL,NULL,NULL,NULL,NULL,NULL,NULL,NULL,NULL,NULL,NULL,NULL,NULL,NULL,NULL,NULL,NULL
InputWindowChange,2020-12-03 12:47:03.2450,26930,f6a7e5a1e5c5cee3d1faa98c76a8ac97,anonymous,NULL,NULL,NULL,NULL,Open,18,0.0000,0.0000,Running,4.0242,12,0.6000,0,0.0000,0,0.0000,0,0.0000,0,0.0000,0,0.0000,NA,NULL
MotorImagery,2020-12-03 12:47:05.9468,27123,f6a7e5a1e5c5cee3d1faa98c76a8ac97,anonymous,ReceivingData,0.6984,58,(0.698 0.575 0.629 0.659 0.632 0.670 0.669 0.691 ),NULL,NULL,NULL,NULL,NULL,NULL,NULL,NULL,NULL,NULL,NULL,NULL,NULL,NULL,NULL,NULL,NULL,NULL,NULL,NULL
InputWindowChange,2020-12-03 12:47:05.9478,27123,f6a7e5a1e5c5cee3d1faa98c76a8ac97,anonymous,NULL,NULL,NULL,NULL,Closed,18,-3.2974,0.0000,Running,4.0242,12,0.6000,0,0.0000,0,0.0000,0,0.0000,0,0.0000,0,0.0000,NA,NULL
GameDecision,2020-12-03 12:47:05.9488,27123,f6a7e5a1e5c5cee3d1faa98c76a8ac97,anonymous,NULL,NULL,NULL,NULL,Closed,18,-3.2974,0.0000,Running,4.0242,11,0.6333,0,0.0000,0,0.0000,0,0.0000,0,0.0000,0,0.0000,AccInput,AccInput
Rest,2020-12-03 12:47:07.6031,27241,f6a7e5a1e5c5cee3d1faa98c76a8ac97,anonymous,ReceivingData,0.5590,58,(0.664 0.650 0.582 0.593 0.559 0.695 0.691 0.677 ),NULL,NULL,NULL,NULL,NULL,NULL,NULL,NULL,NULL,NULL,NULL,NULL,NULL,NULL,NULL,NULL,NULL,NULL,NULL,NULL
MotorImagery,2020-12-03 12:47:16.4042,27870,f6a7e5a1e5c5cee3d1faa98c76a8ac97,anonymous,ReceivingData,0.8661,59,(0.624 0.723 0.793 0.828 0.884 0.856 0.866 0.866 ),NULL,NULL,NULL,NULL,NULL,NULL,NULL,NULL,NULL,NULL,NULL,NULL,NULL,NULL,NULL,NULL,NULL,NULL,NULL,NULL
Rest,2020-12-03 12:47:17.1695,27925,f6a7e5a1e5c5cee3d1faa98c76a8ac97,anonymous,ReceivingData,0.3895,59,(0.813 0.749 0.697 0.593 0.390 0.860 0.847 0.841 ),NULL,NULL,NULL,NULL,NULL,NULL,NULL,NULL,NULL,NULL,NULL,NULL,NULL,NULL,NULL,NULL,NULL,NULL,NULL,NULL
InputWindowChange,2020-12-03 12:47:21.2643,28217,f6a7e5a1e5c5cee3d1faa98c76a8ac97,anonymous,NULL,NULL,NULL,NULL,Open,19,0.0000,0.0000,Running,3.3994,11,0.6333,0,0.0000,0,0.0000,0,0.0000,0,0.0000,0,0.0000,NA,NULL
InputWindowChange,2020-12-03 12:47:27.2634,28646,f6a7e5a1e5c5cee3d1faa98c76a8ac97,anonymous,NULL,NULL,NULL,NULL,Closed,19,0.0064,0.0000,Running,3.3994,11,0.6333,0,0.0000,0,0.0000,0,0.0000,0,0.0000,0,0.0000,NA,NULL
GameDecision,2020-12-03 12:47:27.2654,28646,f6a7e5a1e5c5cee3d1faa98c76a8ac97,anonymous,NULL,NULL,NULL,NULL,Closed,19,0.0064,0.0000,Running,3.3994,11,0.6333,0,0.0000,0,0.0333,0,0.0000,0,0.0000,0,0.0000,RejInput,AccInput
MotorImagery,2020-12-03 12:47:27.4030,28656,f6a7e5a1e5c5cee3d1faa98c76a8ac97,anonymous,ReceivingData,0.6995,60,(0.700 0.584 0.655 0.673 0.674 0.716 0.734 0.700 ),NULL,NULL,NULL,NULL,NULL,NULL,NULL,NULL,NULL,NULL,NULL,NULL,NULL,NULL,NULL,NULL,NULL,NULL,NULL,NULL
Rest,2020-12-03 12:47:27.6814,28676,f6a7e5a1e5c5cee3d1faa98c76a8ac97,anonymous,ReceivingData,0.5194,60,(0.700 0.694 0.648 0.616 0.519 0.716 0.734 0.700 ),NULL,NULL,NULL,NULL,NULL,NULL,NULL,NULL,NULL,NULL,NULL,NULL,NULL,NULL,NULL,NULL,NULL,NULL,NULL,NULL
MotorImagery,2020-12-03 12:47:36.2176,29286,f6a7e5a1e5c5cee3d1faa98c76a8ac97,anonymous,ReceivingData,0.6961,61,(0.781 0.761 0.696 0.610 0.654 0.718 0.742 0.751 ),NULL,NULL,NULL,NULL,NULL,NULL,NULL,NULL,NULL,NULL,NULL,NULL,NULL,NULL,NULL,NULL,NULL,NULL,NULL,NULL
Rest,2020-12-03 12:47:36.7180,29322,f6a7e5a1e5c5cee3d1faa98c76a8ac97,anonymous,ReceivingData,0.5670,61,(0.719 0.696 0.623 0.567 0.728 0.737 0.733 0.708 ),NULL,NULL,NULL,NULL,NULL,NULL,NULL,NULL,NULL,NULL,NULL,NULL,NULL,NULL,NULL,NULL,NULL,NULL,NULL,NULL
InputWindowChange,2020-12-03 12:47:39.2674,29504,f6a7e5a1e5c5cee3d1faa98c76a8ac97,anonymous,NULL,NULL,NULL,NULL,Open,20,0.0000,0.0000,Running,1.6446,11,0.6333,0,0.0000,0,0.0333,0,0.0000,0,0.0000,0,0.0000,NA,NULL
MotorImagery,2020-12-03 12:47:40.1858,29570,f6a7e5a1e5c5cee3d1faa98c76a8ac97,anonymous,ReceivingData,0.6257,62,(0.571 0.591 0.577 0.619 0.639 0.626 0.578 0.583 ),NULL,NULL,NULL,NULL,NULL,NULL,NULL,NULL,NULL,NULL,NULL,NULL,NULL,NULL,NULL,NULL,NULL,NULL,NULL,NULL
InputWindowChange,2020-12-03 12:47:40.1858,29570,f6a7e5a1e5c5cee3d1faa98c76a8ac97,anonymous,NULL,NULL,NULL,NULL,Closed,20,-5.0795,0.0000,Running,1.6446,11,0.6333,0,0.0000,0,0.0333,0,0.0000,0,0.0000,0,0.0000,NA,NULL
GameDecision,2020-12-03 12:47:40.1868,29570,f6a7e5a1e5c5cee3d1faa98c76a8ac97,anonymous,NULL,NULL,NULL,NULL,Closed,20,-5.0795,0.0000,Running,1.6446,10,0.6667,0,0.0000,0,0.0333,0,0.0000,0,0.0000,0,0.0000,AccInput,AccInput
Rest,2020-12-03 12:47:40.8265,29616,f6a7e5a1e5c5cee3d1faa98c76a8ac97,anonymous,ReceivingData,0.5104,62,(0.510 0.656 0.649 0.659 0.616 0.624 0.589 0.583 ),NULL,NULL,NULL,NULL,NULL,NULL,NULL,NULL,NULL,NULL,NULL,NULL,NULL,NULL,NULL,NULL,NULL,NULL,NULL,NULL
InputWindowChange,2020-12-03 12:47:57.2708,30791,f6a7e5a1e5c5cee3d1faa98c76a8ac97,anonymous,NULL,NULL,NULL,NULL,Open,21,0.0000,0.0000,Running,3.7998,10,0.6667,0,0.0000,0,0.0333,0,0.0000,0,0.0000,0,0.0000,NA,NULL
MotorImagery,2020-12-03 12:48:01.4057,31086,f6a7e5a1e5c5cee3d1faa98c76a8ac97,anonymous,ReceivingData,0.7481,63,(0.573 0.656 0.684 0.683 0.715 0.734 0.741 0.748 ),NULL,NULL,NULL,NULL,NULL,NULL,NULL,NULL,NULL,NULL,NULL,NULL,NULL,NULL,NULL,NULL,NULL,NULL,NULL,NULL
InputWindowChange,2020-12-03 12:48:01.4057,31086,f6a7e5a1e5c5cee3d1faa98c76a8ac97,anonymous,NULL,NULL,NULL,NULL,Closed,21,-1.8655,0.0000,Running,3.7998,10,0.6667,0,0.0000,0,0.0333,0,0.0000,0,0.0000,0,0.0000,NA,NULL
GameDecision,2020-12-03 12:48:01.4067,31086,f6a7e5a1e5c5cee3d1faa98c76a8ac97,anonymous,NULL,NULL,NULL,NULL,Closed,21,-1.8655,0.0000,Running,3.7998,9,0.7000,0,0.0000,0,0.0333,0,0.0000,0,0.0000,0,0.0000,AccInput,AccInput
Rest,2020-12-03 12:48:02.1576,31140,f6a7e5a1e5c5cee3d1faa98c76a8ac97,anonymous,ReceivingData,0.5669,63,(0.685 0.650 0.588 0.567 0.689 0.698 0.696 0.685 ),NULL,NULL,NULL,NULL,NULL,NULL,NULL,NULL,NULL,NULL,NULL,NULL,NULL,NULL,NULL,NULL,NULL,NULL,NULL,NULL
MotorImagery,2020-12-03 12:48:13.0455,31918,f6a7e5a1e5c5cee3d1faa98c76a8ac97,anonymous,ReceivingData,0.7442,64,(0.797 0.795 0.744 0.616 0.690 0.694 0.805 0.807 ),NULL,NULL,NULL,NULL,NULL,NULL,NULL,NULL,NULL,NULL,NULL,NULL,NULL,NULL,NULL,NULL,NULL,NULL,NULL,NULL
Rest,2020-12-03 12:48:13.4070,31944,f6a7e5a1e5c5cee3d1faa98c76a8ac97,anonymous,ReceivingData,0.5614,64,(0.797 0.795 0.744 0.676 0.650 0.646 0.626 0.561 ),NULL,NULL,NULL,NULL,NULL,NULL,NULL,NULL,NULL,NULL,NULL,NULL,NULL,NULL,NULL,NULL,NULL,NULL,NULL,NULL
InputWindowChange,2020-12-03 12:48:15.2737,32078,f6a7e5a1e5c5cee3d1faa98c76a8ac97,anonymous,NULL,NULL,NULL,NULL,Open,22,0.0000,0.0000,Running,3.9012,9,0.7000,0,0.0000,0,0.0333,0,0.0000,0,0.0000,0,0.0000,NA,NULL
MotorImagery,2020-12-03 12:48:18.5305,32310,f6a7e5a1e5c5cee3d1faa98c76a8ac97,anonymous,ReceivingData,0.7983,65,(0.810 0.821 0.796 0.778 0.794 0.798 0.655 0.736 ),NULL,NULL,NULL,NULL,NULL,NULL,NULL,NULL,NULL,NULL,NULL,NULL,NULL,NULL,NULL,NULL,NULL,NULL,NULL,NULL
InputWindowChange,2020-12-03 12:48:18.5315,32310,f6a7e5a1e5c5cee3d1faa98c76a8ac97,anonymous,NULL,NULL,NULL,NULL,Closed,22,-2.7408,0.0000,Running,3.9012,9,0.7000,0,0.0000,0,0.0333,0,0.0000,0,0.0000,0,0.0000,NA,NULL
GameDecision,2020-12-03 12:48:18.5320,32310,f6a7e5a1e5c5cee3d1faa98c76a8ac97,anonymous,NULL,NULL,NULL,NULL,Closed,22,-2.7408,0.0000,Running,3.9012,8,0.7333,0,0.0000,0,0.0333,0,0.0000,0,0.0000,0,0.0000,AccInput,AccInput
Rest,2020-12-03 12:48:19.2969,32365,f6a7e5a1e5c5cee3d1faa98c76a8ac97,anonymous,ReceivingData,0.5619,65,(0.640 0.594 0.562 0.738 0.748 0.759 0.730 0.717 ),NULL,NULL,NULL,NULL,NULL,NULL,NULL,NULL,NULL,NULL,NULL,NULL,NULL,NULL,NULL,NULL,NULL,NULL,NULL,NULL
MotorImagery,2020-12-03 12:48:31.5503,33241,f6a7e5a1e5c5cee3d1faa98c76a8ac97,anonymous,ReceivingData,0.6045,66,(0.638 0.631 0.595 0.583 0.640 0.637 0.605 0.613 ),NULL,NULL,NULL,NULL,NULL,NULL,NULL,NULL,NULL,NULL,NULL,NULL,NULL,NULL,NULL,NULL,NULL,NULL,NULL,NULL
InputWindowChange,2020-12-03 12:48:33.2785,33364,f6a7e5a1e5c5cee3d1faa98c76a8ac97,anonymous,NULL,NULL,NULL,NULL,Open,23,0.0000,0.0000,Running,4.8892,8,0.7333,0,0.0000,0,0.0333,0,0.0000,0,0.0000,0,0.0000,NA,NULL
Rest,2020-12-03 12:48:34.8786,33479,f6a7e5a1e5c5cee3d1faa98c76a8ac97,anonymous,ReceivingData,0.5547,66,(0.689 0.704 0.694 0.650 0.596 0.555 0.748 0.712 ),NULL,NULL,NULL,NULL,NULL,NULL,NULL,NULL,NULL,NULL,NULL,NULL,NULL,NULL,NULL,NULL,NULL,NULL,NULL,NULL
MotorImagery,2020-12-03 12:48:36.8004,33616,f6a7e5a1e5c5cee3d1faa98c76a8ac97,anonymous,ReceivingData,0.7372,67,(0.621 0.637 0.633 0.673 0.691 0.702 0.737 0.575 ),NULL,NULL,NULL,NULL,NULL,NULL,NULL,NULL,NULL,NULL,NULL,NULL,NULL,NULL,NULL,NULL,NULL,NULL,NULL,NULL
InputWindowChange,2020-12-03 12:48:36.8004,33616,f6a7e5a1e5c5cee3d1faa98c76a8ac97,anonymous,NULL,NULL,NULL,NULL,Closed,23,-2.4769,0.0000,Running,4.8892,8,0.7333,0,0.0000,0,0.0333,0,0.0000,0,0.0000,0,0.0000,NA,NULL
GameDecision,2020-12-03 12:48:36.8014,33616,f6a7e5a1e5c5cee3d1faa98c76a8ac97,anonymous,NULL,NULL,NULL,NULL,Closed,23,-2.4769,0.0000,Running,4.8892,7,0.7667,0,0.0000,0,0.0333,0,0.0000,0,0.0000,0,0.0000,AccInput,AccInput
Rest,2020-12-03 12:48:38.3180,33725,f6a7e5a1e5c5cee3d1faa98c76a8ac97,anonymous,ReceivingData,0.5201,67,(0.712 0.710 0.710 0.701 0.727 0.660 0.583 0.520 ),NULL,NULL,NULL,NULL,NULL,NULL,NULL,NULL,NULL,NULL,NULL,NULL,NULL,NULL,NULL,NULL,NULL,NULL,NULL,NULL
MotorImagery,2020-12-03 12:48:47.6602,34392,f6a7e5a1e5c5cee3d1faa98c76a8ac97,anonymous,ReceivingData,0.6149,68,(0.643 0.662 0.654 0.599 0.615 0.583 0.601 0.622 ),NULL,NULL,NULL,NULL,NULL,NULL,NULL,NULL,NULL,NULL,NULL,NULL,NULL,NULL,NULL,NULL,NULL,NULL,NULL,NULL
Rest,2020-12-03 12:48:47.9255,34411,f6a7e5a1e5c5cee3d1faa98c76a8ac97,anonymous,ReceivingData,0.5367,68,(0.537 0.662 0.654 0.599 0.615 0.620 0.664 0.661 ),NULL,NULL,NULL,NULL,NULL,NULL,NULL,NULL,NULL,NULL,NULL,NULL,NULL,NULL,NULL,NULL,NULL,NULL,NULL,NULL
InputWindowChange,2020-12-03 12:48:51.2815,34651,f6a7e5a1e5c5cee3d1faa98c76a8ac97,anonymous,NULL,NULL,NULL,NULL,Open,24,0.0000,0.0000,Running,2.2415,7,0.7667,0,0.0000,0,0.0333,0,0.0000,0,0.0000,0,0.0000,NA,NULL
MotorImagery,2020-12-03 12:48:54.9435,34913,f6a7e5a1e5c5cee3d1faa98c76a8ac97,anonymous,ReceivingData,0.7012,69,(0.633 0.695 0.686 0.691 0.701 0.580 0.590 0.613 ),NULL,NULL,NULL,NULL,NULL,NULL,NULL,NULL,NULL,NULL,NULL,NULL,NULL,NULL,NULL,NULL,NULL,NULL,NULL,NULL
InputWindowChange,2020-12-03 12:48:54.9440,34913,f6a7e5a1e5c5cee3d1faa98c76a8ac97,anonymous,NULL,NULL,NULL,NULL,Closed,24,-2.3372,0.0000,Running,2.2415,7,0.7667,0,0.0000,0,0.0333,0,0.0000,0,0.0000,0,0.0000,NA,NULL
GameDecision,2020-12-03 12:48:54.9450,34913,f6a7e5a1e5c5cee3d1faa98c76a8ac97,anonymous,NULL,NULL,NULL,NULL,Closed,24,-2.3372,0.0000,Running,2.2415,6,0.8000,0,0.0000,0,0.0333,0,0.0000,0,0.0000,0,0.0000,AccInput,AccInput
Rest,2020-12-03 12:48:55.4446,34949,f6a7e5a1e5c5cee3d1faa98c76a8ac97,anonymous,ReceivingData,0.5674,69,(0.648 0.632 0.665 0.659 0.602 0.567 0.710 0.694 ),NULL,NULL,NULL,NULL,NULL,NULL,NULL,NULL,NULL,NULL,NULL,NULL,NULL,NULL,NULL,NULL,NULL,NULL,NULL,NULL
MotorImagery,2020-12-03 12:48:57.6160,35104,f6a7e5a1e5c5cee3d1faa98c76a8ac97,anonymous,ReceivingData,0.5855,70,(0.593 0.586 0.642 0.679 0.684 0.685 0.653 0.618 ),NULL,NULL,NULL,NULL,NULL,NULL,NULL,NULL,NULL,NULL,NULL,NULL,NULL,NULL,NULL,NULL,NULL,NULL,NULL,NULL
Rest,2020-12-03 12:48:57.7554,35114,f6a7e5a1e5c5cee3d1faa98c76a8ac97,anonymous,ReceivingData,0.5565,70,(0.593 0.586 0.575 0.556 0.684 0.685 0.653 0.618 ),NULL,NULL,NULL,NULL,NULL,NULL,NULL,NULL,NULL,NULL,NULL,NULL,NULL,NULL,NULL,NULL,NULL,NULL,NULL,NULL
MotorImagery,2020-12-03 12:49:08.6433,35892,f6a7e5a1e5c5cee3d1faa98c76a8ac97,anonymous,ReceivingData,0.7474,71,(0.722 0.751 0.747 0.646 0.660 0.684 0.715 0.721 ),NULL,NULL,NULL,NULL,NULL,NULL,NULL,NULL,NULL,NULL,NULL,NULL,NULL,NULL,NULL,NULL,NULL,NULL,NULL,NULL
InputWindowChange,2020-12-03 12:49:09.2840,35937,f6a7e5a1e5c5cee3d1faa98c76a8ac97,anonymous,NULL,NULL,NULL,NULL,Open,25,0.0000,0.0000,Running,2.6387,6,0.8000,0,0.0000,0,0.0333,0,0.0000,0,0.0000,0,0.0000,NA,NULL
Rest,2020-12-03 12:49:09.3813,35944,f6a7e5a1e5c5cee3d1faa98c76a8ac97,anonymous,ReceivingData,0.5652,71,(0.772 0.779 0.759 0.708 0.613 0.565 0.757 0.770 ),NULL,NULL,NULL,NULL,NULL,NULL,NULL,NULL,NULL,NULL,NULL,NULL,NULL,NULL,NULL,NULL,NULL,NULL,NULL,NULL
MotorImagery,2020-12-03 12:49:10.0084,35989,f6a7e5a1e5c5cee3d1faa98c76a8ac97,anonymous,ReceivingData,0.6738,72,(0.674 0.612 0.610 0.633 0.679 0.681 0.684 0.664 ),NULL,NULL,NULL,NULL,NULL,NULL,NULL,NULL,NULL,NULL,NULL,NULL,NULL,NULL,NULL,NULL,NULL,NULL,NULL,NULL
InputWindowChange,2020-12-03 12:49:10.0084,35989,f6a7e5a1e5c5cee3d1faa98c76a8ac97,anonymous,NULL,NULL,NULL,NULL,Closed,25,-5.2767,0.0000,Running,2.6387,6,0.8000,0,0.0000,0,0.0333,0,0.0000,0,0.0000,0,0.0000,NA,NULL
GameDecision,2020-12-03 12:49:10.0099,35989,f6a7e5a1e5c5cee3d1faa98c76a8ac97,anonymous,NULL,NULL,NULL,NULL,Closed,25,-5.2767,0.0000,Running,2.6387,5,0.8333,0,0.0000,0,0.0333,0,0.0000,0,0.0000,0,0.0000,AccInput,AccInput
Rest,2020-12-03 12:49:11.1640,36072,f6a7e5a1e5c5cee3d1faa98c76a8ac97,anonymous,ReceivingData,0.5667,72,(0.632 0.618 0.618 0.567 0.601 0.619 0.613 0.622 ),NULL,NULL,NULL,NULL,NULL,NULL,NULL,NULL,NULL,NULL,NULL,NULL,NULL,NULL,NULL,NULL,NULL,NULL,NULL,NULL
MotorImagery,2020-12-03 12:49:15.0211,36348,f6a7e5a1e5c5cee3d1faa98c76a8ac97,anonymous,ReceivingData,0.6644,73,(0.640 0.652 0.668 0.684 0.664 0.586 0.631 0.637 ),NULL,NULL,NULL,NULL,NULL,NULL,NULL,NULL,NULL,NULL,NULL,NULL,NULL,NULL,NULL,NULL,NULL,NULL,NULL,NULL
Rest,2020-12-03 12:49:15.3967,36374,f6a7e5a1e5c5cee3d1faa98c76a8ac97,anonymous,ReceivingData,0.5438,73,(0.603 0.590 0.544 0.684 0.664 0.640 0.621 0.603 ),NULL,NULL,NULL,NULL,NULL,NULL,NULL,NULL,NULL,NULL,NULL,NULL,NULL,NULL,NULL,NULL,NULL,NULL,NULL,NULL
MotorImagery,2020-12-03 12:49:15.9123,36411,f6a7e5a1e5c5cee3d1faa98c76a8ac97,anonymous,ReceivingData,0.7092,74,(0.675 0.693 0.685 0.709 0.626 0.642 0.604 0.630 ),NULL,NULL,NULL,NULL,NULL,NULL,NULL,NULL,NULL,NULL,NULL,NULL,NULL,NULL,NULL,NULL,NULL,NULL,NULL,NULL
Rest,2020-12-03 12:49:16.5522,36457,f6a7e5a1e5c5cee3d1faa98c76a8ac97,anonymous,ReceivingData,0.5685,74,(0.727 0.735 0.770 0.755 0.730 0.683 0.569 0.753 ),NULL,NULL,NULL,NULL,NULL,NULL,NULL,NULL,NULL,NULL,NULL,NULL,NULL,NULL,NULL,NULL,NULL,NULL,NULL,NULL
MotorImagery,2020-12-03 12:49:17.9457,36557,f6a7e5a1e5c5cee3d1faa98c76a8ac97,anonymous,ReceivingData,0.7143,75,(0.774 0.804 0.778 0.782 0.716 0.714 0.694 0.746 ),NULL,NULL,NULL,NULL,NULL,NULL,NULL,NULL,NULL,NULL,NULL,NULL,NULL,NULL,NULL,NULL,NULL,NULL,NULL,NULL
Rest,2020-12-03 12:49:20.1449,36714,f6a7e5a1e5c5cee3d1faa98c76a8ac97,anonymous,ReceivingData,0.5498,75,(0.672 0.638 0.550 0.755 0.684 0.661 0.651 0.644 ),NULL,NULL,NULL,NULL,NULL,NULL,NULL,NULL,NULL,NULL,NULL,NULL,NULL,NULL,NULL,NULL,NULL,NULL,NULL,NULL
InputWindowChange,2020-12-03 12:49:27.2895,37225,f6a7e5a1e5c5cee3d1faa98c76a8ac97,anonymous,NULL,NULL,NULL,NULL,Open,26,0.0000,0.0000,Running,3.1583,5,0.8333,0,0.0000,0,0.0333,0,0.0000,0,0.0000,0,0.0000,NA,NULL
MotorImagery,2020-12-03 12:49:31.0057,37491,f6a7e5a1e5c5cee3d1faa98c76a8ac97,anonymous,ReceivingData,0.6345,76,(0.603 0.614 0.644 0.663 0.669 0.705 0.686 0.635 ),NULL,NULL,NULL,NULL,NULL,NULL,NULL,NULL,NULL,NULL,NULL,NULL,NULL,NULL,NULL,NULL,NULL,NULL,NULL,NULL
InputWindowChange,2020-12-03 12:49:31.0057,37491,f6a7e5a1e5c5cee3d1faa98c76a8ac97,anonymous,NULL,NULL,NULL,NULL,Closed,26,-2.2826,0.0000,Running,3.1583,5,0.8333,0,0.0000,0,0.0333,0,0.0000,0,0.0000,0,0.0000,NA,NULL
GameDecision,2020-12-03 12:49:31.0067,37491,f6a7e5a1e5c5cee3d1faa98c76a8ac97,anonymous,NULL,NULL,NULL,NULL,Closed,26,-2.2826,0.0000,Running,3.1583,4,0.8667,0,0.0000,0,0.0333,0,0.0000,0,0.0000,0,0.0000,AccInput,AccInput
Rest,2020-12-03 12:49:32.2726,37582,f6a7e5a1e5c5cee3d1faa98c76a8ac97,anonymous,ReceivingData,0.5483,76,(0.685 0.658 0.634 0.579 0.548 0.678 0.671 0.658 ),NULL,NULL,NULL,NULL,NULL,NULL,NULL,NULL,NULL,NULL,NULL,NULL,NULL,NULL,NULL,NULL,NULL,NULL,NULL,NULL
MotorImagery,2020-12-03 12:49:35.0852,37783,f6a7e5a1e5c5cee3d1faa98c76a8ac97,anonymous,ReceivingData,0.6010,77,(0.657 0.620 0.628 0.601 0.574 0.652 0.648 0.654 ),NULL,NULL,NULL,NULL,NULL,NULL,NULL,NULL,NULL,NULL,NULL,NULL,NULL,NULL,NULL,NULL,NULL,NULL,NULL,NULL
Rest,2020-12-03 12:49:35.1968,37791,f6a7e5a1e5c5cee3d1faa98c76a8ac97,anonymous,ReceivingData,0.5635,77,(0.657 0.620 0.628 0.601 0.598 0.564 0.648 0.654 ),NULL,NULL,NULL,NULL,NULL,NULL,NULL,NULL,NULL,NULL,NULL,NULL,NULL,NULL,NULL,NULL,NULL,NULL,NULL,NULL
InputWindowChange,2020-12-03 12:49:45.2917,38513,f6a7e5a1e5c5cee3d1faa98c76a8ac97,anonymous,NULL,NULL,NULL,NULL,Open,27,0.0000,0.0000,Running,1.9053,4,0.8667,0,0.0000,0,0.0333,0,0.0000,0,0.0000,0,0.0000,NA,NULL
MotorImagery,2020-12-03 12:49:48.2573,38725,f6a7e5a1e5c5cee3d1faa98c76a8ac97,anonymous,ReceivingData,0.6891,78,(0.572 0.577 0.590 0.616 0.622 0.650 0.673 0.689 ),NULL,NULL,NULL,NULL,NULL,NULL,NULL,NULL,NULL,NULL,NULL,NULL,NULL,NULL,NULL,NULL,NULL,NULL,NULL,NULL
InputWindowChange,2020-12-03 12:49:48.2573,38725,f6a7e5a1e5c5cee3d1faa98c76a8ac97,anonymous,NULL,NULL,NULL,NULL,Closed,27,-3.0336,0.0000,Running,1.9053,4,0.8667,0,0.0000,0,0.0333,0,0.0000,0,0.0000,0,0.0000,NA,NULL
GameDecision,2020-12-03 12:49:48.2583,38725,f6a7e5a1e5c5cee3d1faa98c76a8ac97,anonymous,NULL,NULL,NULL,NULL,Closed,27,-3.0336,0.0000,Running,1.9053,3,0.9000,0,0.0000,0,0.0333,0,0.0000,0,0.0000,0,0.0000,AccInput,AccInput
Rest,2020-12-03 12:49:49.9015,38843,f6a7e5a1e5c5cee3d1faa98c76a8ac97,anonymous,ReceivingData,0.5388,78,(0.647 0.598 0.539 0.723 0.692 0.640 0.630 0.656 ),NULL,NULL,NULL,NULL,NULL,NULL,NULL,NULL,NULL,NULL,NULL,NULL,NULL,NULL,NULL,NULL,NULL,NULL,NULL,NULL
MotorImagery,2020-12-03 12:49:52.8385,39053,f6a7e5a1e5c5cee3d1faa98c76a8ac97,anonymous,ReceivingData,0.5725,79,(0.629 0.652 0.630 0.604 0.573 0.609 0.621 0.611 ),NULL,NULL,NULL,NULL,NULL,NULL,NULL,NULL,NULL,NULL,NULL,NULL,NULL,NULL,NULL,NULL,NULL,NULL,NULL,NULL
Rest,2020-12-03 12:49:52.9498,39061,f6a7e5a1e5c5cee3d1faa98c76a8ac97,anonymous,ReceivingData,0.5266,79,(0.629 0.652 0.630 0.604 0.573 0.527 0.621 0.611 ),NULL,NULL,NULL,NULL,NULL,NULL,NULL,NULL,NULL,NULL,NULL,NULL,NULL,NULL,NULL,NULL,NULL,NULL,NULL,NULL
MotorImagery,2020-12-03 12:50:00.3855,39593,f6a7e5a1e5c5cee3d1faa98c76a8ac97,anonymous,ReceivingData,0.6390,80,(0.646 0.639 0.585 0.600 0.620 0.592 0.619 0.656 ),NULL,NULL,NULL,NULL,NULL,NULL,NULL,NULL,NULL,NULL,NULL,NULL,NULL,NULL,NULL,NULL,NULL,NULL,NULL,NULL
Rest,2020-12-03 12:50:00.7611,39619,f6a7e5a1e5c5cee3d1faa98c76a8ac97,anonymous,ReceivingData,0.5566,80,(0.557 0.639 0.615 0.644 0.650 0.623 0.588 0.573 ),NULL,NULL,NULL,NULL,NULL,NULL,NULL,NULL,NULL,NULL,NULL,NULL,NULL,NULL,NULL,NULL,NULL,NULL,NULL,NULL
MotorImagery,2020-12-03 12:50:02.6830,39757,f6a7e5a1e5c5cee3d1faa98c76a8ac97,anonymous,ReceivingData,0.6458,81,(0.573 0.619 0.653 0.651 0.672 0.721 0.689 0.646 ),NULL,NULL,NULL,NULL,NULL,NULL,NULL,NULL,NULL,NULL,NULL,NULL,NULL,NULL,NULL,NULL,NULL,NULL,NULL,NULL
Rest,2020-12-03 12:50:02.7935,39765,f6a7e5a1e5c5cee3d1faa98c76a8ac97,anonymous,ReceivingData,0.5105,81,(0.610 0.511 0.653 0.651 0.672 0.721 0.689 0.646 ),NULL,NULL,NULL,NULL,NULL,NULL,NULL,NULL,NULL,NULL,NULL,NULL,NULL,NULL,NULL,NULL,NULL,NULL,NULL,NULL
InputWindowChange,2020-12-03 12:50:03.2953,39801,f6a7e5a1e5c5cee3d1faa98c76a8ac97,anonymous,NULL,NULL,NULL,NULL,Open,28,0.0000,0.0000,Running,3.7068,3,0.9000,0,0.0000,0,0.0333,0,0.0000,0,0.0000,0,0.0000,NA,NULL
MotorImagery,2020-12-03 12:50:06.6369,40040,f6a7e5a1e5c5cee3d1faa98c76a8ac97,anonymous,ReceivingData,0.8413,82,(0.744 0.815 0.841 0.577 0.702 0.719 0.711 0.716 ),NULL,NULL,NULL,NULL,NULL,NULL,NULL,NULL,NULL,NULL,NULL,NULL,NULL,NULL,NULL,NULL,NULL,NULL,NULL,NULL
InputWindowChange,2020-12-03 12:50:06.6369,40040,f6a7e5a1e5c5cee3d1faa98c76a8ac97,anonymous,NULL,NULL,NULL,NULL,Closed,28,-2.6583,0.0000,Running,3.7068,3,0.9000,0,0.0000,0,0.0333,0,0.0000,0,0.0000,0,0.0000,NA,NULL
GameDecision,2020-12-03 12:50:06.6379,40040,f6a7e5a1e5c5cee3d1faa98c76a8ac97,anonymous,NULL,NULL,NULL,NULL,Closed,28,-2.6583,0.0000,Running,3.7068,2,0.9333,0,0.0000,0,0.0333,0,0.0000,0,0.0000,0,0.0000,AccInput,AccInput
Rest,2020-12-03 12:50:08.5447,40175,f6a7e5a1e5c5cee3d1faa98c76a8ac97,anonymous,ReceivingData,0.5280,82,(0.626 0.528 0.773 0.783 0.776 0.728 0.703 0.638 ),NULL,NULL,NULL,NULL,NULL,NULL,NULL,NULL,NULL,NULL,NULL,NULL,NULL,NULL,NULL,NULL,NULL,NULL,NULL,NULL
MotorImagery,2020-12-03 12:50:12.7773,40478,f6a7e5a1e5c5cee3d1faa98c76a8ac97,anonymous,ReceivingData,0.7042,83,(0.704 0.594 0.673 0.744 0.751 0.690 0.678 0.685 ),NULL,NULL,NULL,NULL,NULL,NULL,NULL,NULL,NULL,NULL,NULL,NULL,NULL,NULL,NULL,NULL,NULL,NULL,NULL,NULL
Rest,2020-12-03 12:50:13.3909,40522,f6a7e5a1e5c5cee3d1faa98c76a8ac97,anonymous,ReceivingData,0.5495,83,(0.700 0.648 0.549 0.734 0.708 0.720 0.750 0.722 ),NULL,NULL,NULL,NULL,NULL,NULL,NULL,NULL,NULL,NULL,NULL,NULL,NULL,NULL,NULL,NULL,NULL,NULL,NULL,NULL
MotorImagery,2020-12-03 12:50:18.6519,40898,f6a7e5a1e5c5cee3d1faa98c76a8ac97,anonymous,ReceivingData,0.6933,84,(0.719 0.733 0.706 0.693 0.663 0.709 0.702 0.706 ),NULL,NULL,NULL,NULL,NULL,NULL,NULL,NULL,NULL,NULL,NULL,NULL,NULL,NULL,NULL,NULL,NULL,NULL,NULL,NULL
Rest,2020-12-03 12:50:19.1539,40934,f6a7e5a1e5c5cee3d1faa98c76a8ac97,anonymous,ReceivingData,0.5551,84,(0.621 0.632 0.615 0.555 0.672 0.629 0.663 0.652 ),NULL,NULL,NULL,NULL,NULL,NULL,NULL,NULL,NULL,NULL,NULL,NULL,NULL,NULL,NULL,NULL,NULL,NULL,NULL,NULL
InputWindowChange,2020-12-03 12:50:21.2998,41088,f6a7e5a1e5c5cee3d1faa98c76a8ac97,anonymous,NULL,NULL,NULL,NULL,Open,29,0.0000,0.0000,Running,3.4868,2,0.9333,0,0.0000,0,0.0333,0,0.0000,0,0.0000,0,0.0000,NA,NULL
MotorImagery,2020-12-03 12:50:23.4996,41245,f6a7e5a1e5c5cee3d1faa98c76a8ac97,anonymous,ReceivingData,0.7008,85,(0.658 0.640 0.647 0.675 0.701 0.615 0.619 0.654 ),NULL,NULL,NULL,NULL,NULL,NULL,NULL,NULL,NULL,NULL,NULL,NULL,NULL,NULL,NULL,NULL,NULL,NULL,NULL,NULL
InputWindowChange,2020-12-03 12:50:23.4996,41245,f6a7e5a1e5c5cee3d1faa98c76a8ac97,anonymous,NULL,NULL,NULL,NULL,Closed,29,-3.7988,0.0000,Running,3.4868,2,0.9333,0,0.0000,0,0.0333,0,0.0000,0,0.0000,0,0.0000,NA,NULL
GameDecision,2020-12-03 12:50:23.5006,41245,f6a7e5a1e5c5cee3d1faa98c76a8ac97,anonymous,NULL,NULL,NULL,NULL,Closed,29,-3.7988,0.0000,Running,3.4868,1,0.9667,0,0.0000,0,0.0333,0,0.0000,0,0.0000,0,0.0000,AccInput,AccInput
Rest,2020-12-03 12:50:25.4206,41382,f6a7e5a1e5c5cee3d1faa98c76a8ac97,anonymous,ReceivingData,0.5222,85,(0.694 0.671 0.600 0.579 0.522 0.750 0.759 0.749 ),NULL,NULL,NULL,NULL,NULL,NULL,NULL,NULL,NULL,NULL,NULL,NULL,NULL,NULL,NULL,NULL,NULL,NULL,NULL,NULL
GameStopped,2020-12-03 12:50:32.2711,41866,f6a7e5a1e5c5cee3d1faa98c76a8ac97,anonymous,NULL,NULL,NULL,NULL,Closed,30,0.0000,0.0000,Stopped,3.4868,1,0.9667,0,0.0000,0,0.0333,0,0.0000,0,0.0000,0,0.0000,NA,NULL
