Event,Timestamp,Framecount,SessionID,Email,BCIState,BCIConfidence,InputNumber,BCIThresholdBuffer,InputWindow,InputWindowOrder,InterTrialTimer,InputWindowTimer,GameState,CurrentFabAlarm,AccInputTrialsLeft,AccInputRate,FabInputTrialsLeft,FabInputRate,RejInputTrialsLeft,RejInputRate,AssistSuccessTrialsLeft,AssistSuccessRate,AssistFailTrialsLeft,AssistFailRate,ExplicitShamTrialsLeft,ExplicitShamRate,TrialResult,TrialGoal
BCIStateUpdated,2021-05-13 13:12:56.7895,1,fe5fc626256b64e28c699851cb9e6065,anonymous,Connecting,NULL,NULL,NULL,NULL,NULL,NULL,NULL,NULL,NULL,NULL,NULL,NULL,NULL,NULL,NULL,NULL,NULL,NULL,NULL,NULL,NULL,NULL,NULL
BCIStateUpdated,2021-05-13 13:12:59.7584,12,fe5fc626256b64e28c699851cb9e6065,anonymous,ReceivingHeader,NULL,NULL,NULL,NULL,NULL,NULL,NULL,NULL,NULL,NULL,NULL,NULL,NULL,NULL,NULL,NULL,NULL,NULL,NULL,NULL,NULL,NULL,NULL
BCIStateUpdated,2021-05-13 13:12:59.8761,14,fe5fc626256b64e28c699851cb9e6065,anonymous,ReceivingData,NULL,NULL,NULL,NULL,NULL,NULL,NULL,NULL,NULL,NULL,NULL,NULL,NULL,NULL,NULL,NULL,NULL,NULL,NULL,NULL,NULL,NULL,NULL
MotorImagery,2021-05-13 13:13:05.0754,371,fe5fc626256b64e28c699851cb9e6065,anonymous,ReceivingData,0.9867,1,(0.987 0.526 0.562 0.680 0.356 0.824 0.966 0.973 ),NULL,NULL,NULL,NULL,NULL,NULL,NULL,NULL,NULL,NULL,NULL,NULL,NULL,NULL,NULL,NULL,NULL,NULL,NULL,NULL
GameRunning,2021-05-13 13:13:08.7399,633,fe5fc626256b64e28c699851cb9e6065,anonymous,NULL,NULL,NULL,NULL,Closed,0,0.0000,0.0000,Running,0.0000,30,0.0000,0,0.0000,0,0.0000,0,0.0000,0,0.0000,0,0.0000,NA,NULL
Rest,2021-05-13 13:13:08.9076,645,fe5fc626256b64e28c699851cb9e6065,anonymous,ReceivingData,0.2009,1,(0.540 0.578 0.751 0.562 0.461 0.496 0.542 0.201 ),NULL,NULL,NULL,NULL,NULL,NULL,NULL,NULL,NULL,NULL,NULL,NULL,NULL,NULL,NULL,NULL,NULL,NULL,NULL,NULL
MotorImagery,2021-05-13 13:13:10.2870,744,fe5fc626256b64e28c699851cb9e6065,anonymous,ReceivingData,0.8182,2,(0.535 0.791 0.841 0.788 0.772 0.764 0.749 0.818 ),NULL,NULL,NULL,NULL,NULL,NULL,NULL,NULL,NULL,NULL,NULL,NULL,NULL,NULL,NULL,NULL,NULL,NULL,NULL,NULL
Rest,2021-05-13 13:13:11.4565,828,fe5fc626256b64e28c699851cb9e6065,anonymous,ReceivingData,0.1663,2,(0.720 0.400 0.345 0.166 0.894 0.825 0.787 0.792 ),NULL,NULL,NULL,NULL,NULL,NULL,NULL,NULL,NULL,NULL,NULL,NULL,NULL,NULL,NULL,NULL,NULL,NULL,NULL,NULL
MotorImagery,2021-05-13 13:13:12.3467,892,fe5fc626256b64e28c699851cb9e6065,anonymous,ReceivingData,0.5105,3,(0.563 0.522 0.511 0.425 0.520 0.570 0.553 0.556 ),NULL,NULL,NULL,NULL,NULL,NULL,NULL,NULL,NULL,NULL,NULL,NULL,NULL,NULL,NULL,NULL,NULL,NULL,NULL,NULL
Rest,2021-05-13 13:13:12.7376,919,fe5fc626256b64e28c699851cb9e6065,anonymous,ReceivingData,0.2494,3,(0.249 0.522 0.511 0.420 0.446 0.408 0.335 0.348 ),NULL,NULL,NULL,NULL,NULL,NULL,NULL,NULL,NULL,NULL,NULL,NULL,NULL,NULL,NULL,NULL,NULL,NULL,NULL,NULL
MotorImagery,2021-05-13 13:13:15.4067,1108,fe5fc626256b64e28c699851cb9e6065,anonymous,ReceivingData,0.9995,4,(1.000 0.816 0.996 0.999 0.999 0.999 0.999 0.999 ),NULL,NULL,NULL,NULL,NULL,NULL,NULL,NULL,NULL,NULL,NULL,NULL,NULL,NULL,NULL,NULL,NULL,NULL,NULL,NULL
InputWindowChange,2021-05-13 13:13:20.7139,1488,fe5fc626256b64e28c699851cb9e6065,anonymous,NULL,NULL,NULL,NULL,Open,0,0.0000,0.0000,Running,0.0030,30,0.0000,0,0.0000,0,0.0000,0,0.0000,0,0.0000,0,0.0000,NA,NULL
Rest,2021-05-13 13:13:22.8418,1640,fe5fc626256b64e28c699851cb9e6065,anonymous,ReceivingData,0.2204,4,(0.639 0.591 0.531 0.426 0.220 0.498 0.528 0.621 ),NULL,NULL,NULL,NULL,NULL,NULL,NULL,NULL,NULL,NULL,NULL,NULL,NULL,NULL,NULL,NULL,NULL,NULL,NULL,NULL
MotorImagery,2021-05-13 13:13:24.3440,1748,fe5fc626256b64e28c699851cb9e6065,anonymous,ReceivingData,0.7530,5,(0.800 0.824 0.841 0.783 0.753 0.391 0.511 0.651 ),NULL,NULL,NULL,NULL,NULL,NULL,NULL,NULL,NULL,NULL,NULL,NULL,NULL,NULL,NULL,NULL,NULL,NULL,NULL,NULL
InputWindowChange,2021-05-13 13:13:25.7253,1847,fe5fc626256b64e28c699851cb9e6065,anonymous,NULL,NULL,NULL,NULL,Closed,0,0.0123,0.0000,Running,0.0030,30,0.0000,0,0.0000,0,0.0000,0,0.0000,0,0.0000,0,0.0000,NA,NULL
GameDecision,2021-05-13 13:13:25.7268,1847,fe5fc626256b64e28c699851cb9e6065,anonymous,NULL,NULL,NULL,NULL,Closed,0,0.0123,0.0000,Running,0.0030,30,0.0000,0,0.0000,0,0.0333,0,0.0000,0,0.0000,0,0.0000,RejInput,AccInput
Rest,2021-05-13 13:13:26.7417,1920,fe5fc626256b64e28c699851cb9e6065,anonymous,ReceivingData,0.2823,5,(0.376 0.365 0.282 0.474 0.495 0.495 0.335 0.375 ),NULL,NULL,NULL,NULL,NULL,NULL,NULL,NULL,NULL,NULL,NULL,NULL,NULL,NULL,NULL,NULL,NULL,NULL,NULL,NULL
MotorImagery,2021-05-13 13:13:30.5449,2193,fe5fc626256b64e28c699851cb9e6065,anonymous,ReceivingData,0.7538,6,(0.754 0.315 0.509 0.477 0.554 0.595 0.710 0.762 ),NULL,NULL,NULL,NULL,NULL,NULL,NULL,NULL,NULL,NULL,NULL,NULL,NULL,NULL,NULL,NULL,NULL,NULL,NULL,NULL
InputWindowChange,2021-05-13 13:13:37.7264,2709,fe5fc626256b64e28c699851cb9e6065,anonymous,NULL,NULL,NULL,NULL,Open,1,0.0000,0.0000,Running,0.3595,30,0.0000,0,0.0000,0,0.0333,0,0.0000,0,0.0000,0,0.0000,NA,NULL
Rest,2021-05-13 13:13:41.5411,2983,fe5fc626256b64e28c699851cb9e6065,anonymous,ReceivingData,0.2248,6,(0.482 0.408 0.311 0.225 0.737 0.641 0.586 0.491 ),NULL,NULL,NULL,NULL,NULL,NULL,NULL,NULL,NULL,NULL,NULL,NULL,NULL,NULL,NULL,NULL,NULL,NULL,NULL,NULL
InputWindowChange,2021-05-13 13:13:42.7393,3069,fe5fc626256b64e28c699851cb9e6065,anonymous,NULL,NULL,NULL,NULL,Closed,1,0.0124,0.0000,Running,0.3595,30,0.0000,0,0.0000,0,0.0333,0,0.0000,0,0.0000,0,0.0000,NA,NULL
GameDecision,2021-05-13 13:13:42.7393,3069,fe5fc626256b64e28c699851cb9e6065,anonymous,NULL,NULL,NULL,NULL,Closed,1,0.0124,0.0000,Running,0.3595,30,0.0000,0,0.0000,0,0.0667,0,0.0000,0,0.0000,0,0.0000,RejInput,AccInput
MotorImagery,2021-05-13 13:13:43.6015,3131,fe5fc626256b64e28c699851cb9e6065,anonymous,ReceivingData,0.4916,7,(0.462 0.475 0.420 0.446 0.434 0.361 0.492 0.364 ),NULL,NULL,NULL,NULL,NULL,NULL,NULL,NULL,NULL,NULL,NULL,NULL,NULL,NULL,NULL,NULL,NULL,NULL,NULL,NULL
Rest,2021-05-13 13:13:45.7740,3287,fe5fc626256b64e28c699851cb9e6065,anonymous,ReceivingData,0.2588,7,(0.414 0.366 0.380 0.380 0.317 0.322 0.259 0.518 ),NULL,NULL,NULL,NULL,NULL,NULL,NULL,NULL,NULL,NULL,NULL,NULL,NULL,NULL,NULL,NULL,NULL,NULL,NULL,NULL
MotorImagery,2021-05-13 13:13:48.1851,3460,fe5fc626256b64e28c699851cb9e6065,anonymous,ReceivingData,0.4615,8,(0.358 0.393 0.325 0.385 0.432 0.461 0.348 0.399 ),NULL,NULL,NULL,NULL,NULL,NULL,NULL,NULL,NULL,NULL,NULL,NULL,NULL,NULL,NULL,NULL,NULL,NULL,NULL,NULL
Rest,2021-05-13 13:13:48.3255,3470,fe5fc626256b64e28c699851cb9e6065,anonymous,ReceivingData,0.2276,8,(0.228 0.393 0.325 0.385 0.432 0.461 0.407 0.314 ),NULL,NULL,NULL,NULL,NULL,NULL,NULL,NULL,NULL,NULL,NULL,NULL,NULL,NULL,NULL,NULL,NULL,NULL,NULL,NULL
MotorImagery,2021-05-13 13:13:50.0919,3597,fe5fc626256b64e28c699851cb9e6065,anonymous,ReceivingData,0.7897,9,(0.709 0.695 0.711 0.592 0.680 0.790 0.398 0.577 ),NULL,NULL,NULL,NULL,NULL,NULL,NULL,NULL,NULL,NULL,NULL,NULL,NULL,NULL,NULL,NULL,NULL,NULL,NULL,NULL
InputWindowChange,2021-05-13 13:13:54.7283,3929,fe5fc626256b64e28c699851cb9e6065,anonymous,NULL,NULL,NULL,NULL,Open,2,0.0000,0.0000,Running,0.7068,30,0.0000,0,0.0000,0,0.0667,0,0.0000,0,0.0000,0,0.0000,NA,NULL
Rest,2021-05-13 13:13:58.1519,4175,fe5fc626256b64e28c699851cb9e6065,anonymous,ReceivingData,0.2190,9,(0.545 0.544 0.504 0.374 0.219 0.493 0.497 0.488 ),NULL,NULL,NULL,NULL,NULL,NULL,NULL,NULL,NULL,NULL,NULL,NULL,NULL,NULL,NULL,NULL,NULL,NULL,NULL,NULL
InputWindowChange,2021-05-13 13:13:59.7387,4289,fe5fc626256b64e28c699851cb9e6065,anonymous,NULL,NULL,NULL,NULL,Closed,2,0.0122,0.0000,Running,0.7068,30,0.0000,0,0.0000,0,0.0667,0,0.0000,0,0.0000,0,0.0000,NA,NULL
GameDecision,2021-05-13 13:13:59.7387,4289,fe5fc626256b64e28c699851cb9e6065,anonymous,NULL,NULL,NULL,NULL,Closed,2,0.0122,0.0000,Running,0.7068,30,0.0000,0,0.0000,0,0.1000,0,0.0000,0,0.0000,0,0.0000,RejInput,AccInput
MotorImagery,2021-05-13 13:14:02.2449,4469,fe5fc626256b64e28c699851cb9e6065,anonymous,ReceivingData,0.9241,10,(0.924 0.485 0.738 0.764 0.809 0.898 0.915 0.914 ),NULL,NULL,NULL,NULL,NULL,NULL,NULL,NULL,NULL,NULL,NULL,NULL,NULL,NULL,NULL,NULL,NULL,NULL,NULL,NULL
Rest,2021-05-13 13:14:02.8858,4515,fe5fc626256b64e28c699851cb9e6065,anonymous,ReceivingData,0.2771,10,(0.711 0.569 0.378 0.277 0.867 0.834 0.841 0.806 ),NULL,NULL,NULL,NULL,NULL,NULL,NULL,NULL,NULL,NULL,NULL,NULL,NULL,NULL,NULL,NULL,NULL,NULL,NULL,NULL
MotorImagery,2021-05-13 13:14:03.6784,4572,fe5fc626256b64e28c699851cb9e6065,anonymous,ReceivingData,0.4327,11,(0.406 0.433 0.360 0.446 0.560 0.553 0.552 0.468 ),NULL,NULL,NULL,NULL,NULL,NULL,NULL,NULL,NULL,NULL,NULL,NULL,NULL,NULL,NULL,NULL,NULL,NULL,NULL,NULL
Rest,2021-05-13 13:14:05.5579,4706,fe5fc626256b64e28c699851cb9e6065,anonymous,ReceivingData,0.2891,11,(0.493 0.441 0.504 0.549 0.455 0.434 0.335 0.289 ),NULL,NULL,NULL,NULL,NULL,NULL,NULL,NULL,NULL,NULL,NULL,NULL,NULL,NULL,NULL,NULL,NULL,NULL,NULL,NULL
MotorImagery,2021-05-13 13:14:06.4630,4771,fe5fc626256b64e28c699851cb9e6065,anonymous,ReceivingData,0.3218,12,(0.365 0.340 0.400 0.528 0.484 0.438 0.322 0.395 ),NULL,NULL,NULL,NULL,NULL,NULL,NULL,NULL,NULL,NULL,NULL,NULL,NULL,NULL,NULL,NULL,NULL,NULL,NULL,NULL
InputWindowChange,2021-05-13 13:14:11.7387,5149,fe5fc626256b64e28c699851cb9e6065,anonymous,NULL,NULL,NULL,NULL,Open,3,0.0000,0.0000,Running,0.2046,30,0.0000,0,0.0000,0,0.1000,0,0.0000,0,0.0000,0,0.0000,NA,NULL
Rest,2021-05-13 13:14:15.4137,5413,fe5fc626256b64e28c699851cb9e6065,anonymous,ReceivingData,0.0497,12,(0.508 0.538 0.050 0.668 0.547 0.522 0.525 0.511 ),NULL,NULL,NULL,NULL,NULL,NULL,NULL,NULL,NULL,NULL,NULL,NULL,NULL,NULL,NULL,NULL,NULL,NULL,NULL,NULL
MotorImagery,2021-05-13 13:14:16.4302,5486,fe5fc626256b64e28c699851cb9e6065,anonymous,ReceivingData,0.6563,13,(0.500 0.605 0.700 0.656 0.358 0.400 0.320 0.452 ),NULL,NULL,NULL,NULL,NULL,NULL,NULL,NULL,NULL,NULL,NULL,NULL,NULL,NULL,NULL,NULL,NULL,NULL,NULL,NULL
InputWindowChange,2021-05-13 13:14:16.7519,5509,fe5fc626256b64e28c699851cb9e6065,anonymous,NULL,NULL,NULL,NULL,Closed,3,0.0112,0.0000,Running,0.2046,30,0.0000,0,0.0000,0,0.1000,0,0.0000,0,0.0000,0,0.0000,NA,NULL
GameDecision,2021-05-13 13:14:16.7519,5509,fe5fc626256b64e28c699851cb9e6065,anonymous,NULL,NULL,NULL,NULL,Closed,3,0.0112,0.0000,Running,0.2046,30,0.0000,0,0.0000,0,0.1333,0,0.0000,0,0.0000,0,0.0000,RejInput,AccInput
Rest,2021-05-13 13:14:17.4465,5559,fe5fc626256b64e28c699851cb9e6065,anonymous,ReceivingData,0.2817,13,(0.380 0.334 0.348 0.334 0.282 0.408 0.434 0.430 ),NULL,NULL,NULL,NULL,NULL,NULL,NULL,NULL,NULL,NULL,NULL,NULL,NULL,NULL,NULL,NULL,NULL,NULL,NULL,NULL
MotorImagery,2021-05-13 13:14:18.0883,5605,fe5fc626256b64e28c699851cb9e6065,anonymous,ReceivingData,0.5154,14,(0.385 0.512 0.529 0.476 0.523 0.472 0.515 0.408 ),NULL,NULL,NULL,NULL,NULL,NULL,NULL,NULL,NULL,NULL,NULL,NULL,NULL,NULL,NULL,NULL,NULL,NULL,NULL,NULL
Rest,2021-05-13 13:14:20.5249,5780,fe5fc626256b64e28c699851cb9e6065,anonymous,ReceivingData,0.2685,14,(0.862 0.743 0.706 0.585 0.578 0.493 0.372 0.269 ),NULL,NULL,NULL,NULL,NULL,NULL,NULL,NULL,NULL,NULL,NULL,NULL,NULL,NULL,NULL,NULL,NULL,NULL,NULL,NULL
MotorImagery,2021-05-13 13:14:21.2897,5835,fe5fc626256b64e28c699851cb9e6065,anonymous,ReceivingData,0.8363,15,(0.450 0.425 0.547 0.818 0.836 0.324 0.392 0.384 ),NULL,NULL,NULL,NULL,NULL,NULL,NULL,NULL,NULL,NULL,NULL,NULL,NULL,NULL,NULL,NULL,NULL,NULL,NULL,NULL
InputWindowChange,2021-05-13 13:14:28.7515,6371,fe5fc626256b64e28c699851cb9e6065,anonymous,NULL,NULL,NULL,NULL,Open,4,0.0000,0.0000,Running,0.7946,30,0.0000,0,0.0000,0,0.1333,0,0.0000,0,0.0000,0,0.0000,NA,NULL
Rest,2021-05-13 13:14:30.7703,6516,fe5fc626256b64e28c699851cb9e6065,anonymous,ReceivingData,0.2035,15,(0.780 0.603 0.517 0.475 0.434 0.316 0.204 0.899 ),NULL,NULL,NULL,NULL,NULL,NULL,NULL,NULL,NULL,NULL,NULL,NULL,NULL,NULL,NULL,NULL,NULL,NULL,NULL,NULL
MotorImagery,2021-05-13 13:14:31.5223,6570,fe5fc626256b64e28c699851cb9e6065,anonymous,ReceivingData,0.3572,16,(0.303 0.385 0.357 0.332 0.372 0.370 0.351 0.373 ),NULL,NULL,NULL,NULL,NULL,NULL,NULL,NULL,NULL,NULL,NULL,NULL,NULL,NULL,NULL,NULL,NULL,NULL,NULL,NULL
Rest,2021-05-13 13:14:31.6746,6581,fe5fc626256b64e28c699851cb9e6065,anonymous,ReceivingData,0.2898,16,(0.303 0.385 0.357 0.317 0.333 0.290 0.351 0.373 ),NULL,NULL,NULL,NULL,NULL,NULL,NULL,NULL,NULL,NULL,NULL,NULL,NULL,NULL,NULL,NULL,NULL,NULL,NULL,NULL
MotorImagery,2021-05-13 13:14:33.3196,6699,fe5fc626256b64e28c699851cb9e6065,anonymous,ReceivingData,0.4503,17,(0.358 0.356 0.366 0.433 0.468 0.544 0.526 0.450 ),NULL,NULL,NULL,NULL,NULL,NULL,NULL,NULL,NULL,NULL,NULL,NULL,NULL,NULL,NULL,NULL,NULL,NULL,NULL,NULL
InputWindowChange,2021-05-13 13:14:33.7502,6730,fe5fc626256b64e28c699851cb9e6065,anonymous,NULL,NULL,NULL,NULL,Closed,4,0.0024,0.0000,Running,0.7946,30,0.0000,0,0.0000,0,0.1333,0,0.0000,0,0.0000,0,0.0000,NA,NULL
GameDecision,2021-05-13 13:14:33.7512,6730,fe5fc626256b64e28c699851cb9e6065,anonymous,NULL,NULL,NULL,NULL,Closed,4,0.0024,0.0000,Running,0.7946,30,0.0000,0,0.0000,0,0.1667,0,0.0000,0,0.0000,0,0.0000,RejInput,AccInput
Rest,2021-05-13 13:14:34.4455,6780,fe5fc626256b64e28c699851cb9e6065,anonymous,ReceivingData,0.2999,17,(0.538 0.344 0.300 0.827 0.784 0.763 0.736 0.728 ),NULL,NULL,NULL,NULL,NULL,NULL,NULL,NULL,NULL,NULL,NULL,NULL,NULL,NULL,NULL,NULL,NULL,NULL,NULL,NULL
MotorImagery,2021-05-13 13:14:34.8788,6811,fe5fc626256b64e28c699851cb9e6065,anonymous,ReceivingData,0.8891,18,(0.842 0.865 0.889 0.856 0.895 0.889 0.866 0.861 ),NULL,NULL,NULL,NULL,NULL,NULL,NULL,NULL,NULL,NULL,NULL,NULL,NULL,NULL,NULL,NULL,NULL,NULL,NULL,NULL
Rest,2021-05-13 13:14:35.5311,6858,fe5fc626256b64e28c699851cb9e6065,anonymous,ReceivingData,0.2995,18,(0.830 0.884 0.916 0.841 0.380 0.300 0.812 0.815 ),NULL,NULL,NULL,NULL,NULL,NULL,NULL,NULL,NULL,NULL,NULL,NULL,NULL,NULL,NULL,NULL,NULL,NULL,NULL,NULL
MotorImagery,2021-05-13 13:14:36.4090,6921,fe5fc626256b64e28c699851cb9e6065,anonymous,ReceivingData,0.6534,19,(0.546 0.546 0.497 0.627 0.653 0.403 0.448 0.499 ),NULL,NULL,NULL,NULL,NULL,NULL,NULL,NULL,NULL,NULL,NULL,NULL,NULL,NULL,NULL,NULL,NULL,NULL,NULL,NULL
Rest,2021-05-13 13:14:37.5640,7004,fe5fc626256b64e28c699851cb9e6065,anonymous,ReceivingData,0.2914,19,(0.650 0.528 0.425 0.466 0.426 0.362 0.323 0.291 ),NULL,NULL,NULL,NULL,NULL,NULL,NULL,NULL,NULL,NULL,NULL,NULL,NULL,NULL,NULL,NULL,NULL,NULL,NULL,NULL
MotorImagery,2021-05-13 13:14:39.1240,7116,fe5fc626256b64e28c699851cb9e6065,anonymous,ReceivingData,0.7044,20,(0.656 0.704 0.303 0.345 0.396 0.569 0.574 0.628 ),NULL,NULL,NULL,NULL,NULL,NULL,NULL,NULL,NULL,NULL,NULL,NULL,NULL,NULL,NULL,NULL,NULL,NULL,NULL,NULL
Rest,2021-05-13 13:14:40.3637,7205,fe5fc626256b64e28c699851cb9e6065,anonymous,ReceivingData,0.2452,20,(0.581 0.548 0.438 0.364 0.335 0.245 0.667 0.598 ),NULL,NULL,NULL,NULL,NULL,NULL,NULL,NULL,NULL,NULL,NULL,NULL,NULL,NULL,NULL,NULL,NULL,NULL,NULL,NULL
MotorImagery,2021-05-13 13:14:41.0312,7253,fe5fc626256b64e28c699851cb9e6065,anonymous,ReceivingData,0.3578,21,(0.418 0.358 0.368 0.451 0.489 0.422 0.417 0.456 ),NULL,NULL,NULL,NULL,NULL,NULL,NULL,NULL,NULL,NULL,NULL,NULL,NULL,NULL,NULL,NULL,NULL,NULL,NULL,NULL
Rest,2021-05-13 13:14:42.1735,7335,fe5fc626256b64e28c699851cb9e6065,anonymous,ReceivingData,0.2715,21,(0.393 0.373 0.385 0.353 0.271 0.387 0.346 0.348 ),NULL,NULL,NULL,NULL,NULL,NULL,NULL,NULL,NULL,NULL,NULL,NULL,NULL,NULL,NULL,NULL,NULL,NULL,NULL,NULL
MotorImagery,2021-05-13 13:14:43.2027,7409,fe5fc626256b64e28c699851cb9e6065,anonymous,ReceivingData,0.6379,22,(0.343 0.314 0.390 0.498 0.484 0.638 0.304 0.378 ),NULL,NULL,NULL,NULL,NULL,NULL,NULL,NULL,NULL,NULL,NULL,NULL,NULL,NULL,NULL,NULL,NULL,NULL,NULL,NULL
InputWindowChange,2021-05-13 13:14:45.7640,7593,fe5fc626256b64e28c699851cb9e6065,anonymous,NULL,NULL,NULL,NULL,Open,5,0.0000,0.0000,Running,0.5082,30,0.0000,0,0.0000,0,0.1667,0,0.0000,0,0.0000,0,0.0000,NA,NULL
Rest,2021-05-13 13:14:49.0232,7827,fe5fc626256b64e28c699851cb9e6065,anonymous,ReceivingData,0.2599,22,(0.333 0.260 0.539 0.498 0.488 0.452 0.384 0.342 ),NULL,NULL,NULL,NULL,NULL,NULL,NULL,NULL,NULL,NULL,NULL,NULL,NULL,NULL,NULL,NULL,NULL,NULL,NULL,NULL
InputWindowChange,2021-05-13 13:14:50.7738,7953,fe5fc626256b64e28c699851cb9e6065,anonymous,NULL,NULL,NULL,NULL,Closed,5,0.0120,0.0000,Running,0.5082,30,0.0000,0,0.0000,0,0.1667,0,0.0000,0,0.0000,0,0.0000,NA,NULL
GameDecision,2021-05-13 13:14:50.7738,7953,fe5fc626256b64e28c699851cb9e6065,anonymous,NULL,NULL,NULL,NULL,Closed,5,0.0120,0.0000,Running,0.5082,30,0.0000,0,0.0000,0,0.2000,0,0.0000,0,0.0000,0,0.0000,RejInput,AccInput
MotorImagery,2021-05-13 13:14:52.4615,8074,fe5fc626256b64e28c699851cb9e6065,anonymous,ReceivingData,0.6101,23,(0.721 0.640 0.622 0.610 0.340 0.522 0.637 0.771 ),NULL,NULL,NULL,NULL,NULL,NULL,NULL,NULL,NULL,NULL,NULL,NULL,NULL,NULL,NULL,NULL,NULL,NULL,NULL,NULL
Rest,2021-05-13 13:14:52.8647,8103,fe5fc626256b64e28c699851cb9e6065,anonymous,ReceivingData,0.2935,23,(0.337 0.323 0.294 0.610 0.653 0.512 0.395 0.359 ),NULL,NULL,NULL,NULL,NULL,NULL,NULL,NULL,NULL,NULL,NULL,NULL,NULL,NULL,NULL,NULL,NULL,NULL,NULL,NULL
MotorImagery,2021-05-13 13:14:53.7544,8167,fe5fc626256b64e28c699851cb9e6065,anonymous,ReceivingData,0.4834,24,(0.529 0.483 0.305 0.397 0.414 0.411 0.461 0.494 ),NULL,NULL,NULL,NULL,NULL,NULL,NULL,NULL,NULL,NULL,NULL,NULL,NULL,NULL,NULL,NULL,NULL,NULL,NULL,NULL
Rest,2021-05-13 13:15:00.2572,8634,fe5fc626256b64e28c699851cb9e6065,anonymous,ReceivingData,0.2750,24,(0.275 0.557 0.524 0.534 0.453 0.368 0.345 0.367 ),NULL,NULL,NULL,NULL,NULL,NULL,NULL,NULL,NULL,NULL,NULL,NULL,NULL,NULL,NULL,NULL,NULL,NULL,NULL,NULL
MotorImagery,2021-05-13 13:15:00.7731,8671,fe5fc626256b64e28c699851cb9e6065,anonymous,ReceivingData,0.6589,25,(0.659 0.316 0.312 0.392 0.402 0.446 0.553 0.626 ),NULL,NULL,NULL,NULL,NULL,NULL,NULL,NULL,NULL,NULL,NULL,NULL,NULL,NULL,NULL,NULL,NULL,NULL,NULL,NULL
Rest,2021-05-13 13:15:01.6762,8736,fe5fc626256b64e28c699851cb9e6065,anonymous,ReceivingData,0.2896,25,(0.494 0.485 0.478 0.470 0.487 0.434 0.361 0.290 ),NULL,NULL,NULL,NULL,NULL,NULL,NULL,NULL,NULL,NULL,NULL,NULL,NULL,NULL,NULL,NULL,NULL,NULL,NULL,NULL
MotorImagery,2021-05-13 13:15:02.1927,8773,fe5fc626256b64e28c699851cb9e6065,anonymous,ReceivingData,0.6431,26,(0.670 0.643 0.412 0.496 0.530 0.524 0.549 0.642 ),NULL,NULL,NULL,NULL,NULL,NULL,NULL,NULL,NULL,NULL,NULL,NULL,NULL,NULL,NULL,NULL,NULL,NULL,NULL,NULL
InputWindowChange,2021-05-13 13:15:02.7633,8814,fe5fc626256b64e28c699851cb9e6065,anonymous,NULL,NULL,NULL,NULL,Open,6,0.0000,0.0000,Running,0.6185,30,0.0000,0,0.0000,0,0.2000,0,0.0000,0,0.0000,0,0.0000,NA,NULL
Rest,2021-05-13 13:15:06.0352,9048,fe5fc626256b64e28c699851cb9e6065,anonymous,ReceivingData,0.2905,26,(0.345 0.290 0.595 0.593 0.536 0.535 0.491 0.442 ),NULL,NULL,NULL,NULL,NULL,NULL,NULL,NULL,NULL,NULL,NULL,NULL,NULL,NULL,NULL,NULL,NULL,NULL,NULL,NULL
MotorImagery,2021-05-13 13:15:07.7047,9168,fe5fc626256b64e28c699851cb9e6065,anonymous,ReceivingData,0.3634,27,(0.399 0.434 0.390 0.397 0.384 0.363 0.305 0.335 ),NULL,NULL,NULL,NULL,NULL,NULL,NULL,NULL,NULL,NULL,NULL,NULL,NULL,NULL,NULL,NULL,NULL,NULL,NULL,NULL
InputWindowChange,2021-05-13 13:15:07.7739,9173,fe5fc626256b64e28c699851cb9e6065,anonymous,NULL,NULL,NULL,NULL,Closed,6,0.0114,0.0000,Running,0.6185,30,0.0000,0,0.0000,0,0.2000,0,0.0000,0,0.0000,0,0.0000,NA,NULL
GameDecision,2021-05-13 13:15:07.7749,9173,fe5fc626256b64e28c699851cb9e6065,anonymous,NULL,NULL,NULL,NULL,Closed,6,0.0114,0.0000,Running,0.6185,30,0.0000,0,0.0000,0,0.2333,0,0.0000,0,0.0000,0,0.0000,RejInput,AccInput
Rest,2021-05-13 13:15:07.8297,9177,fe5fc626256b64e28c699851cb9e6065,anonymous,ReceivingData,0.2945,27,(0.399 0.434 0.390 0.397 0.384 0.363 0.295 0.335 ),NULL,NULL,NULL,NULL,NULL,NULL,NULL,NULL,NULL,NULL,NULL,NULL,NULL,NULL,NULL,NULL,NULL,NULL,NULL,NULL
MotorImagery,2021-05-13 13:15:09.3749,9288,fe5fc626256b64e28c699851cb9e6065,anonymous,ReceivingData,0.5743,28,(0.574 0.369 0.472 0.646 0.621 0.562 0.573 0.504 ),NULL,NULL,NULL,NULL,NULL,NULL,NULL,NULL,NULL,NULL,NULL,NULL,NULL,NULL,NULL,NULL,NULL,NULL,NULL,NULL
Rest,2021-05-13 13:15:13.5652,9589,fe5fc626256b64e28c699851cb9e6065,anonymous,ReceivingData,0.2717,28,(0.354 0.439 0.413 0.356 0.353 0.321 0.272 0.485 ),NULL,NULL,NULL,NULL,NULL,NULL,NULL,NULL,NULL,NULL,NULL,NULL,NULL,NULL,NULL,NULL,NULL,NULL,NULL,NULL
MotorImagery,2021-05-13 13:15:15.1941,9706,fe5fc626256b64e28c699851cb9e6065,anonymous,ReceivingData,0.5780,29,(0.364 0.418 0.504 0.578 0.348 0.387 0.327 0.401 ),NULL,NULL,NULL,NULL,NULL,NULL,NULL,NULL,NULL,NULL,NULL,NULL,NULL,NULL,NULL,NULL,NULL,NULL,NULL,NULL
Rest,2021-05-13 13:15:18.1475,9918,fe5fc626256b64e28c699851cb9e6065,anonymous,ReceivingData,0.2751,29,(0.531 0.470 0.414 0.353 0.302 0.275 0.646 0.552 ),NULL,NULL,NULL,NULL,NULL,NULL,NULL,NULL,NULL,NULL,NULL,NULL,NULL,NULL,NULL,NULL,NULL,NULL,NULL,NULL
MotorImagery,2021-05-13 13:15:18.7868,9964,fe5fc626256b64e28c699851cb9e6065,anonymous,ReceivingData,0.3036,30,(0.382 0.473 0.503 0.502 0.435 0.404 0.338 0.304 ),NULL,NULL,NULL,NULL,NULL,NULL,NULL,NULL,NULL,NULL,NULL,NULL,NULL,NULL,NULL,NULL,NULL,NULL,NULL,NULL
InputWindowChange,2021-05-13 13:15:19.7751,10035,fe5fc626256b64e28c699851cb9e6065,anonymous,NULL,NULL,NULL,NULL,Open,7,0.0000,0.0000,Running,0.6194,30,0.0000,0,0.0000,0,0.2333,0,0.0000,0,0.0000,0,0.0000,NA,NULL
Rest,2021-05-13 13:15:21.3348,10147,fe5fc626256b64e28c699851cb9e6065,anonymous,ReceivingData,0.2791,30,(0.490 0.320 0.279 0.801 0.751 0.722 0.711 0.620 ),NULL,NULL,NULL,NULL,NULL,NULL,NULL,NULL,NULL,NULL,NULL,NULL,NULL,NULL,NULL,NULL,NULL,NULL,NULL,NULL
MotorImagery,2021-05-13 13:15:22.8672,10257,fe5fc626256b64e28c699851cb9e6065,anonymous,ReceivingData,0.6158,31,(0.484 0.551 0.577 0.616 0.416 0.364 0.385 0.315 ),NULL,NULL,NULL,NULL,NULL,NULL,NULL,NULL,NULL,NULL,NULL,NULL,NULL,NULL,NULL,NULL,NULL,NULL,NULL,NULL
Rest,2021-05-13 13:15:24.0228,10340,fe5fc626256b64e28c699851cb9e6065,anonymous,ReceivingData,0.2822,31,(0.768 0.514 0.507 0.495 0.575 0.495 0.431 0.282 ),NULL,NULL,NULL,NULL,NULL,NULL,NULL,NULL,NULL,NULL,NULL,NULL,NULL,NULL,NULL,NULL,NULL,NULL,NULL,NULL
InputWindowChange,2021-05-13 13:15:24.7885,10395,fe5fc626256b64e28c699851cb9e6065,anonymous,NULL,NULL,NULL,NULL,Closed,7,0.0120,0.0000,Running,0.6194,30,0.0000,0,0.0000,0,0.2333,0,0.0000,0,0.0000,0,0.0000,NA,NULL
GameDecision,2021-05-13 13:15:24.7885,10395,fe5fc626256b64e28c699851cb9e6065,anonymous,NULL,NULL,NULL,NULL,Closed,7,0.0120,0.0000,Running,0.6194,30,0.0000,0,0.0000,0,0.2667,0,0.0000,0,0.0000,0,0.0000,RejInput,AccInput
MotorImagery,2021-05-13 13:15:25.6504,10457,fe5fc626256b64e28c699851cb9e6065,anonymous,ReceivingData,0.7741,32,(0.722 0.761 0.781 0.743 0.707 0.738 0.774 0.623 ),NULL,NULL,NULL,NULL,NULL,NULL,NULL,NULL,NULL,NULL,NULL,NULL,NULL,NULL,NULL,NULL,NULL,NULL,NULL,NULL
Rest,2021-05-13 13:15:27.0429,10557,fe5fc626256b64e28c699851cb9e6065,anonymous,ReceivingData,0.2574,32,(0.325 0.339 0.353 0.331 0.257 0.476 0.423 0.354 ),NULL,NULL,NULL,NULL,NULL,NULL,NULL,NULL,NULL,NULL,NULL,NULL,NULL,NULL,NULL,NULL,NULL,NULL,NULL,NULL
MotorImagery,2021-05-13 13:15:27.8222,10613,fe5fc626256b64e28c699851cb9e6065,anonymous,ReceivingData,0.6558,33,(0.515 0.606 0.656 0.319 0.398 0.362 0.474 0.481 ),NULL,NULL,NULL,NULL,NULL,NULL,NULL,NULL,NULL,NULL,NULL,NULL,NULL,NULL,NULL,NULL,NULL,NULL,NULL,NULL
Rest,2021-05-13 13:15:28.5873,10668,fe5fc626256b64e28c699851cb9e6065,anonymous,ReceivingData,0.2937,33,(0.832 0.724 0.614 0.482 0.403 0.408 0.383 0.294 ),NULL,NULL,NULL,NULL,NULL,NULL,NULL,NULL,NULL,NULL,NULL,NULL,NULL,NULL,NULL,NULL,NULL,NULL,NULL,NULL
MotorImagery,2021-05-13 13:15:29.7298,10750,fe5fc626256b64e28c699851cb9e6065,anonymous,ReceivingData,0.6654,34,(0.634 0.665 0.410 0.494 0.592 0.582 0.592 0.631 ),NULL,NULL,NULL,NULL,NULL,NULL,NULL,NULL,NULL,NULL,NULL,NULL,NULL,NULL,NULL,NULL,NULL,NULL,NULL,NULL
Rest,2021-05-13 13:15:31.0213,10843,fe5fc626256b64e28c699851cb9e6065,anonymous,ReceivingData,0.2616,34,(0.383 0.404 0.340 0.303 0.337 0.323 0.262 0.380 ),NULL,NULL,NULL,NULL,NULL,NULL,NULL,NULL,NULL,NULL,NULL,NULL,NULL,NULL,NULL,NULL,NULL,NULL,NULL,NULL
MotorImagery,2021-05-13 13:15:32.1767,10926,fe5fc626256b64e28c699851cb9e6065,anonymous,ReceivingData,0.3824,35,(0.371 0.422 0.382 0.363 0.405 0.351 0.378 0.423 ),NULL,NULL,NULL,NULL,NULL,NULL,NULL,NULL,NULL,NULL,NULL,NULL,NULL,NULL,NULL,NULL,NULL,NULL,NULL,NULL
InputWindowChange,2021-05-13 13:15:36.7862,11257,fe5fc626256b64e28c699851cb9e6065,anonymous,NULL,NULL,NULL,NULL,Open,8,0.0000,0.0000,Running,0.9600,30,0.0000,0,0.0000,0,0.2667,0,0.0000,0,0.0000,0,0.0000,NA,NULL
Rest,2021-05-13 13:15:40.3515,11513,fe5fc626256b64e28c699851cb9e6065,anonymous,ReceivingData,0.2775,35,(0.486 0.475 0.319 0.277 0.620 0.625 0.548 0.510 ),NULL,NULL,NULL,NULL,NULL,NULL,NULL,NULL,NULL,NULL,NULL,NULL,NULL,NULL,NULL,NULL,NULL,NULL,NULL,NULL
MotorImagery,2021-05-13 13:15:40.8531,11549,fe5fc626256b64e28c699851cb9e6065,anonymous,ReceivingData,0.7253,36,(0.536 0.604 0.615 0.725 0.364 0.400 0.519 0.509 ),NULL,NULL,NULL,NULL,NULL,NULL,NULL,NULL,NULL,NULL,NULL,NULL,NULL,NULL,NULL,NULL,NULL,NULL,NULL,NULL
InputWindowChange,2021-05-13 13:15:41.8004,11617,fe5fc626256b64e28c699851cb9e6065,anonymous,NULL,NULL,NULL,NULL,Closed,8,0.0152,0.0000,Running,0.9600,30,0.0000,0,0.0000,0,0.2667,0,0.0000,0,0.0000,0,0.0000,NA,NULL
GameDecision,2021-05-13 13:15:41.8004,11617,fe5fc626256b64e28c699851cb9e6065,anonymous,NULL,NULL,NULL,NULL,Closed,8,0.0152,0.0000,Running,0.9600,30,0.0000,0,0.0000,0,0.3000,0,0.0000,0,0.0000,0,0.0000,RejInput,AccInput
Rest,2021-05-13 13:15:42.2597,11650,fe5fc626256b64e28c699851cb9e6065,anonymous,ReceivingData,0.2938,36,(0.347 0.305 0.294 0.499 0.421 0.454 0.372 0.348 ),NULL,NULL,NULL,NULL,NULL,NULL,NULL,NULL,NULL,NULL,NULL,NULL,NULL,NULL,NULL,NULL,NULL,NULL,NULL,NULL
MotorImagery,2021-05-13 13:15:43.1509,11714,fe5fc626256b64e28c699851cb9e6065,anonymous,ReceivingData,0.6635,37,(0.654 0.664 0.352 0.499 0.542 0.543 0.691 0.642 ),NULL,NULL,NULL,NULL,NULL,NULL,NULL,NULL,NULL,NULL,NULL,NULL,NULL,NULL,NULL,NULL,NULL,NULL,NULL,NULL
Rest,2021-05-13 13:15:45.6016,11890,fe5fc626256b64e28c699851cb9e6065,anonymous,ReceivingData,0.1176,37,(0.783 0.777 0.811 0.118 0.793 0.806 0.811 0.796 ),NULL,NULL,NULL,NULL,NULL,NULL,NULL,NULL,NULL,NULL,NULL,NULL,NULL,NULL,NULL,NULL,NULL,NULL,NULL,NULL
MotorImagery,2021-05-13 13:15:47.7712,12046,fe5fc626256b64e28c699851cb9e6065,anonymous,ReceivingData,0.4863,38,(0.362 0.365 0.342 0.305 0.383 0.396 0.515 0.486 ),NULL,NULL,NULL,NULL,NULL,NULL,NULL,NULL,NULL,NULL,NULL,NULL,NULL,NULL,NULL,NULL,NULL,NULL,NULL,NULL
InputWindowChange,2021-05-13 13:15:53.7982,12479,fe5fc626256b64e28c699851cb9e6065,anonymous,NULL,NULL,NULL,NULL,Open,9,0.0000,0.0000,Running,0.1392,30,0.0000,0,0.0000,0,0.3000,0,0.0000,0,0.0000,0,0.0000,NA,NULL
InputWindowChange,2021-05-13 13:15:58.8130,12838,fe5fc626256b64e28c699851cb9e6065,anonymous,NULL,NULL,NULL,NULL,Closed,9,0.0138,0.0000,Running,0.1392,30,0.0000,0,0.0000,0,0.3000,0,0.0000,0,0.0000,0,0.0000,NA,NULL
GameDecision,2021-05-13 13:15:58.8130,12838,fe5fc626256b64e28c699851cb9e6065,anonymous,NULL,NULL,NULL,NULL,Closed,9,0.0138,0.0000,Running,0.1392,30,0.0000,0,0.0000,0,0.3333,0,0.0000,0,0.0000,0,0.0000,RejInput,AccInput
Rest,2021-05-13 13:15:59.7176,12903,fe5fc626256b64e28c699851cb9e6065,anonymous,ReceivingData,0.2509,38,(0.402 0.326 0.251 0.683 0.645 0.467 0.369 0.333 ),NULL,NULL,NULL,NULL,NULL,NULL,NULL,NULL,NULL,NULL,NULL,NULL,NULL,NULL,NULL,NULL,NULL,NULL,NULL,NULL
MotorImagery,2021-05-13 13:16:05.8416,13343,fe5fc626256b64e28c699851cb9e6065,anonymous,ReceivingData,0.8286,39,(0.855 0.805 0.792 0.829 0.405 0.509 0.784 0.825 ),NULL,NULL,NULL,NULL,NULL,NULL,NULL,NULL,NULL,NULL,NULL,NULL,NULL,NULL,NULL,NULL,NULL,NULL,NULL,NULL
Rest,2021-05-13 13:16:06.9845,13425,fe5fc626256b64e28c699851cb9e6065,anonymous,ReceivingData,0.2948,39,(0.512 0.497 0.538 0.486 0.417 0.351 0.353 0.295 ),NULL,NULL,NULL,NULL,NULL,NULL,NULL,NULL,NULL,NULL,NULL,NULL,NULL,NULL,NULL,NULL,NULL,NULL,NULL,NULL
MotorImagery,2021-05-13 13:16:07.4856,13461,fe5fc626256b64e28c699851cb9e6065,anonymous,ReceivingData,0.4249,40,(0.311 0.384 0.394 0.376 0.305 0.346 0.346 0.425 ),NULL,NULL,NULL,NULL,NULL,NULL,NULL,NULL,NULL,NULL,NULL,NULL,NULL,NULL,NULL,NULL,NULL,NULL,NULL,NULL
InputWindowChange,2021-05-13 13:16:10.7993,13699,fe5fc626256b64e28c699851cb9e6065,anonymous,NULL,NULL,NULL,NULL,Open,10,0.0000,0.0000,Running,0.5094,30,0.0000,0,0.0000,0,0.3333,0,0.0000,0,0.0000,0,0.0000,NA,NULL
Rest,2021-05-13 13:16:14.0151,13930,fe5fc626256b64e28c699851cb9e6065,anonymous,ReceivingData,0.2439,40,(0.519 0.447 0.450 0.411 0.244 0.354 0.455 0.487 ),NULL,NULL,NULL,NULL,NULL,NULL,NULL,NULL,NULL,NULL,NULL,NULL,NULL,NULL,NULL,NULL,NULL,NULL,NULL,NULL
MotorImagery,2021-05-13 13:16:14.8651,13991,fe5fc626256b64e28c699851cb9e6065,anonymous,ReceivingData,0.9817,41,(0.981 0.981 0.982 0.323 0.522 0.612 0.641 0.915 ),NULL,NULL,NULL,NULL,NULL,NULL,NULL,NULL,NULL,NULL,NULL,NULL,NULL,NULL,NULL,NULL,NULL,NULL,NULL,NULL
InputWindowChange,2021-05-13 13:16:15.8171,14059,fe5fc626256b64e28c699851cb9e6065,anonymous,NULL,NULL,NULL,NULL,Closed,10,0.0070,0.0000,Running,0.5094,30,0.0000,0,0.0000,0,0.3333,0,0.0000,0,0.0000,0,0.0000,NA,NULL
GameDecision,2021-05-13 13:16:15.8181,14059,fe5fc626256b64e28c699851cb9e6065,anonymous,NULL,NULL,NULL,NULL,Closed,10,0.0070,0.0000,Running,0.5094,30,0.0000,0,0.0000,0,0.3667,0,0.0000,0,0.0000,0,0.0000,RejInput,AccInput
Rest,2021-05-13 13:16:17.3562,14170,fe5fc626256b64e28c699851cb9e6065,anonymous,ReceivingData,0.2428,41,(0.542 0.431 0.345 0.243 0.732 0.788 0.737 0.680 ),NULL,NULL,NULL,NULL,NULL,NULL,NULL,NULL,NULL,NULL,NULL,NULL,NULL,NULL,NULL,NULL,NULL,NULL,NULL,NULL
MotorImagery,2021-05-13 13:16:21.8410,14492,fe5fc626256b64e28c699851cb9e6065,anonymous,ReceivingData,0.5856,42,(0.369 0.504 0.656 0.687 0.459 0.535 0.625 0.586 ),NULL,NULL,NULL,NULL,NULL,NULL,NULL,NULL,NULL,NULL,NULL,NULL,NULL,NULL,NULL,NULL,NULL,NULL,NULL,NULL
Rest,2021-05-13 13:16:22.3426,14528,fe5fc626256b64e28c699851cb9e6065,anonymous,ReceivingData,0.2489,42,(0.577 0.559 0.508 0.513 0.481 0.347 0.249 0.586 ),NULL,NULL,NULL,NULL,NULL,NULL,NULL,NULL,NULL,NULL,NULL,NULL,NULL,NULL,NULL,NULL,NULL,NULL,NULL,NULL
MotorImagery,2021-05-13 13:16:23.1080,14583,fe5fc626256b64e28c699851cb9e6065,anonymous,ReceivingData,0.5651,43,(0.590 0.619 0.646 0.565 0.602 0.638 0.617 0.657 ),NULL,NULL,NULL,NULL,NULL,NULL,NULL,NULL,NULL,NULL,NULL,NULL,NULL,NULL,NULL,NULL,NULL,NULL,NULL,NULL
InputWindowChange,2021-05-13 13:16:27.8132,14921,fe5fc626256b64e28c699851cb9e6065,anonymous,NULL,NULL,NULL,NULL,Open,11,0.0000,0.0000,Running,0.1580,30,0.0000,0,0.0000,0,0.3667,0,0.0000,0,0.0000,0,0.0000,NA,NULL
Rest,2021-05-13 13:16:30.0274,15080,fe5fc626256b64e28c699851cb9e6065,anonymous,ReceivingData,0.2039,43,(0.394 0.366 0.312 0.204 0.608 0.530 0.556 0.418 ),NULL,NULL,NULL,NULL,NULL,NULL,NULL,NULL,NULL,NULL,NULL,NULL,NULL,NULL,NULL,NULL,NULL,NULL,NULL,NULL
MotorImagery,2021-05-13 13:16:31.8354,15210,fe5fc626256b64e28c699851cb9e6065,anonymous,ReceivingData,0.4409,44,(0.360 0.441 0.305 0.335 0.370 0.382 0.447 0.421 ),NULL,NULL,NULL,NULL,NULL,NULL,NULL,NULL,NULL,NULL,NULL,NULL,NULL,NULL,NULL,NULL,NULL,NULL,NULL,NULL
InputWindowChange,2021-05-13 13:16:32.8249,15281,fe5fc626256b64e28c699851cb9e6065,anonymous,NULL,NULL,NULL,NULL,Closed,11,0.0116,0.0000,Running,0.1580,30,0.0000,0,0.0000,0,0.3667,0,0.0000,0,0.0000,0,0.0000,NA,NULL
GameDecision,2021-05-13 13:16:32.8259,15281,fe5fc626256b64e28c699851cb9e6065,anonymous,NULL,NULL,NULL,NULL,Closed,11,0.0116,0.0000,Running,0.1580,30,0.0000,0,0.0000,0,0.4000,0,0.0000,0,0.0000,0,0.0000,RejInput,AccInput
Rest,2021-05-13 13:16:33.2274,15310,fe5fc626256b64e28c699851cb9e6065,anonymous,ReceivingData,0.2923,44,(0.292 0.392 0.301 0.357 0.409 0.408 0.366 0.314 ),NULL,NULL,NULL,NULL,NULL,NULL,NULL,NULL,NULL,NULL,NULL,NULL,NULL,NULL,NULL,NULL,NULL,NULL,NULL,NULL
MotorImagery,2021-05-13 13:16:35.9819,15508,fe5fc626256b64e28c699851cb9e6065,anonymous,ReceivingData,1.0000,45,(1.000 1.000 1.000 1.000 1.000 1.000 1.000 1.000 ),NULL,NULL,NULL,NULL,NULL,NULL,NULL,NULL,NULL,NULL,NULL,NULL,NULL,NULL,NULL,NULL,NULL,NULL,NULL,NULL
Rest,2021-05-13 13:16:41.4564,15901,fe5fc626256b64e28c699851cb9e6065,anonymous,ReceivingData,0.2896,45,(0.725 0.687 0.608 0.553 0.401 0.305 0.290 0.828 ),NULL,NULL,NULL,NULL,NULL,NULL,NULL,NULL,NULL,NULL,NULL,NULL,NULL,NULL,NULL,NULL,NULL,NULL,NULL,NULL
MotorImagery,2021-05-13 13:16:43.1411,16021,fe5fc626256b64e28c699851cb9e6065,anonymous,ReceivingData,0.5717,46,(0.601 0.562 0.572 0.312 0.375 0.375 0.417 0.540 ),NULL,NULL,NULL,NULL,NULL,NULL,NULL,NULL,NULL,NULL,NULL,NULL,NULL,NULL,NULL,NULL,NULL,NULL,NULL,NULL
InputWindowChange,2021-05-13 13:16:44.8248,16142,fe5fc626256b64e28c699851cb9e6065,anonymous,NULL,NULL,NULL,NULL,Open,12,0.0000,0.0000,Running,0.9898,30,0.0000,0,0.0000,0,0.4000,0,0.0000,0,0.0000,0,0.0000,NA,NULL
Rest,2021-05-13 13:16:46.9695,16296,fe5fc626256b64e28c699851cb9e6065,anonymous,ReceivingData,0.2799,46,(0.280 0.579 0.577 0.490 0.545 0.409 0.397 0.325 ),NULL,NULL,NULL,NULL,NULL,NULL,NULL,NULL,NULL,NULL,NULL,NULL,NULL,NULL,NULL,NULL,NULL,NULL,NULL,NULL
MotorImagery,2021-05-13 13:16:47.4696,16332,fe5fc626256b64e28c699851cb9e6065,anonymous,ReceivingData,0.6016,47,(0.600 0.602 0.319 0.377 0.506 0.634 0.629 0.669 ),NULL,NULL,NULL,NULL,NULL,NULL,NULL,NULL,NULL,NULL,NULL,NULL,NULL,NULL,NULL,NULL,NULL,NULL,NULL,NULL
Rest,2021-05-13 13:16:48.1102,16378,fe5fc626256b64e28c699851cb9e6065,anonymous,ReceivingData,0.2793,47,(0.454 0.459 0.471 0.465 0.501 0.279 0.445 0.437 ),NULL,NULL,NULL,NULL,NULL,NULL,NULL,NULL,NULL,NULL,NULL,NULL,NULL,NULL,NULL,NULL,NULL,NULL,NULL,NULL
MotorImagery,2021-05-13 13:16:49.8096,16500,fe5fc626256b64e28c699851cb9e6065,anonymous,ReceivingData,0.5427,48,(0.587 0.543 0.385 0.472 0.601 0.579 0.636 0.622 ),NULL,NULL,NULL,NULL,NULL,NULL,NULL,NULL,NULL,NULL,NULL,NULL,NULL,NULL,NULL,NULL,NULL,NULL,NULL,NULL
InputWindowChange,2021-05-13 13:16:49.8375,16502,fe5fc626256b64e28c699851cb9e6065,anonymous,NULL,NULL,NULL,NULL,Closed,12,0.0133,0.0000,Running,0.9898,30,0.0000,0,0.0000,0,0.4000,0,0.0000,0,0.0000,0,0.0000,NA,NULL
GameDecision,2021-05-13 13:16:49.8385,16502,fe5fc626256b64e28c699851cb9e6065,anonymous,NULL,NULL,NULL,NULL,Closed,12,0.0133,0.0000,Running,0.9898,30,0.0000,0,0.0000,0,0.4333,0,0.0000,0,0.0000,0,0.0000,RejInput,AccInput
Rest,2021-05-13 13:16:51.5642,16626,fe5fc626256b64e28c699851cb9e6065,anonymous,ReceivingData,0.2836,48,(0.625 0.631 0.529 0.384 0.340 0.331 0.284 0.650 ),NULL,NULL,NULL,NULL,NULL,NULL,NULL,NULL,NULL,NULL,NULL,NULL,NULL,NULL,NULL,NULL,NULL,NULL,NULL,NULL
MotorImagery,2021-05-13 13:16:55.2808,16893,fe5fc626256b64e28c699851cb9e6065,anonymous,ReceivingData,0.4234,49,(0.473 0.423 0.453 0.423 0.371 0.526 0.482 0.505 ),NULL,NULL,NULL,NULL,NULL,NULL,NULL,NULL,NULL,NULL,NULL,NULL,NULL,NULL,NULL,NULL,NULL,NULL,NULL,NULL
Rest,2021-05-13 13:16:55.9064,16938,fe5fc626256b64e28c699851cb9e6065,anonymous,ReceivingData,0.1874,49,(0.599 0.524 0.491 0.411 0.337 0.363 0.187 0.550 ),NULL,NULL,NULL,NULL,NULL,NULL,NULL,NULL,NULL,NULL,NULL,NULL,NULL,NULL,NULL,NULL,NULL,NULL,NULL,NULL
MotorImagery,2021-05-13 13:16:56.5751,16986,fe5fc626256b64e28c699851cb9e6065,anonymous,ReceivingData,0.6060,50,(0.622 0.606 0.336 0.318 0.412 0.328 0.419 0.481 ),NULL,NULL,NULL,NULL,NULL,NULL,NULL,NULL,NULL,NULL,NULL,NULL,NULL,NULL,NULL,NULL,NULL,NULL,NULL,NULL
Rest,2021-05-13 13:16:58.0938,17095,fe5fc626256b64e28c699851cb9e6065,anonymous,ReceivingData,0.2826,50,(0.389 0.398 0.283 0.321 0.341 0.426 0.516 0.447 ),NULL,NULL,NULL,NULL,NULL,NULL,NULL,NULL,NULL,NULL,NULL,NULL,NULL,NULL,NULL,NULL,NULL,NULL,NULL,NULL
MotorImagery,2021-05-13 13:16:58.8591,17150,fe5fc626256b64e28c699851cb9e6065,anonymous,ReceivingData,0.5416,51,(0.542 0.349 0.417 0.389 0.604 0.639 0.666 0.497 ),NULL,NULL,NULL,NULL,NULL,NULL,NULL,NULL,NULL,NULL,NULL,NULL,NULL,NULL,NULL,NULL,NULL,NULL,NULL,NULL
Rest,2021-05-13 13:17:00.3895,17260,fe5fc626256b64e28c699851cb9e6065,anonymous,ReceivingData,0.2370,51,(0.237 0.408 0.381 0.353 0.444 0.432 0.440 0.324 ),NULL,NULL,NULL,NULL,NULL,NULL,NULL,NULL,NULL,NULL,NULL,NULL,NULL,NULL,NULL,NULL,NULL,NULL,NULL,NULL
MotorImagery,2021-05-13 13:17:00.7804,17288,fe5fc626256b64e28c699851cb9e6065,anonymous,ReceivingData,0.4916,52,(0.492 0.339 0.357 0.367 0.422 0.505 0.446 0.465 ),NULL,NULL,NULL,NULL,NULL,NULL,NULL,NULL,NULL,NULL,NULL,NULL,NULL,NULL,NULL,NULL,NULL,NULL,NULL,NULL
InputWindowChange,2021-05-13 13:17:01.8371,17364,fe5fc626256b64e28c699851cb9e6065,anonymous,NULL,NULL,NULL,NULL,Open,13,0.0000,0.0000,Running,0.9716,30,0.0000,0,0.0000,0,0.4333,0,0.0000,0,0.0000,0,0.0000,NA,NULL
Rest,2021-05-13 13:17:03.2030,17462,fe5fc626256b64e28c699851cb9e6065,anonymous,ReceivingData,0.2284,52,(0.698 0.637 0.611 0.309 0.338 0.331 0.334 0.228 ),NULL,NULL,NULL,NULL,NULL,NULL,NULL,NULL,NULL,NULL,NULL,NULL,NULL,NULL,NULL,NULL,NULL,NULL,NULL,NULL
MotorImagery,2021-05-13 13:17:06.1264,17672,fe5fc626256b64e28c699851cb9e6065,anonymous,ReceivingData,0.5592,53,(0.559 0.317 0.309 0.410 0.431 0.390 0.406 0.549 ),NULL,NULL,NULL,NULL,NULL,NULL,NULL,NULL,NULL,NULL,NULL,NULL,NULL,NULL,NULL,NULL,NULL,NULL,NULL,NULL
InputWindowChange,2021-05-13 13:17:06.8495,17724,fe5fc626256b64e28c699851cb9e6065,anonymous,NULL,NULL,NULL,NULL,Closed,13,0.0121,0.0000,Running,0.9716,30,0.0000,0,0.0000,0,0.4333,0,0.0000,0,0.0000,0,0.0000,NA,NULL
GameDecision,2021-05-13 13:17:06.8505,17724,fe5fc626256b64e28c699851cb9e6065,anonymous,NULL,NULL,NULL,NULL,Closed,13,0.0121,0.0000,Running,0.9716,30,0.0000,0,0.0000,0,0.4667,0,0.0000,0,0.0000,0,0.0000,RejInput,AccInput
Rest,2021-05-13 13:17:07.0451,17738,fe5fc626256b64e28c699851cb9e6065,anonymous,ReceivingData,0.2502,53,(0.250 0.684 0.625 0.564 0.496 0.400 0.373 0.360 ),NULL,NULL,NULL,NULL,NULL,NULL,NULL,NULL,NULL,NULL,NULL,NULL,NULL,NULL,NULL,NULL,NULL,NULL,NULL,NULL
MotorImagery,2021-05-13 13:17:08.8415,17867,fe5fc626256b64e28c699851cb9e6065,anonymous,ReceivingData,0.6833,54,(0.381 0.447 0.507 0.603 0.649 0.680 0.683 0.364 ),NULL,NULL,NULL,NULL,NULL,NULL,NULL,NULL,NULL,NULL,NULL,NULL,NULL,NULL,NULL,NULL,NULL,NULL,NULL,NULL
Rest,2021-05-13 13:17:11.3887,18049,fe5fc626256b64e28c699851cb9e6065,anonymous,ReceivingData,0.2331,54,(0.313 0.233 0.373 0.476 0.560 0.481 0.382 0.419 ),NULL,NULL,NULL,NULL,NULL,NULL,NULL,NULL,NULL,NULL,NULL,NULL,NULL,NULL,NULL,NULL,NULL,NULL,NULL,NULL
MotorImagery,2021-05-13 13:17:12.0283,18095,fe5fc626256b64e28c699851cb9e6065,anonymous,ReceivingData,0.3291,55,(0.304 0.329 0.391 0.417 0.329 0.331 0.412 0.408 ),NULL,NULL,NULL,NULL,NULL,NULL,NULL,NULL,NULL,NULL,NULL,NULL,NULL,NULL,NULL,NULL,NULL,NULL,NULL,NULL
Rest,2021-05-13 13:17:15.9820,18379,fe5fc626256b64e28c699851cb9e6065,anonymous,ReceivingData,0.2752,55,(0.609 0.483 0.436 0.411 0.318 0.275 0.730 0.720 ),NULL,NULL,NULL,NULL,NULL,NULL,NULL,NULL,NULL,NULL,NULL,NULL,NULL,NULL,NULL,NULL,NULL,NULL,NULL,NULL
MotorImagery,2021-05-13 13:17:16.4982,18416,fe5fc626256b64e28c699851cb9e6065,anonymous,ReceivingData,0.6356,56,(0.335 0.368 0.350 0.415 0.503 0.636 0.309 0.300 ),NULL,NULL,NULL,NULL,NULL,NULL,NULL,NULL,NULL,NULL,NULL,NULL,NULL,NULL,NULL,NULL,NULL,NULL,NULL,NULL
InputWindowChange,2021-05-13 13:17:18.8502,18585,fe5fc626256b64e28c699851cb9e6065,anonymous,NULL,NULL,NULL,NULL,Open,14,0.0000,0.0000,Running,0.4683,30,0.0000,0,0.0000,0,0.4667,0,0.0000,0,0.0000,0,0.0000,NA,NULL
Rest,2021-05-13 13:17:20.7149,18718,fe5fc626256b64e28c699851cb9e6065,anonymous,ReceivingData,0.2992,56,(0.322 0.383 0.402 0.354 0.299 0.510 0.486 0.339 ),NULL,NULL,NULL,NULL,NULL,NULL,NULL,NULL,NULL,NULL,NULL,NULL,NULL,NULL,NULL,NULL,NULL,NULL,NULL,NULL
MotorImagery,2021-05-13 13:17:22.2444,18828,fe5fc626256b64e28c699851cb9e6065,anonymous,ReceivingData,0.4941,57,(0.328 0.340 0.406 0.507 0.521 0.494 0.447 0.405 ),NULL,NULL,NULL,NULL,NULL,NULL,NULL,NULL,NULL,NULL,NULL,NULL,NULL,NULL,NULL,NULL,NULL,NULL,NULL,NULL
Rest,2021-05-13 13:17:22.7597,18865,fe5fc626256b64e28c699851cb9e6065,anonymous,ReceivingData,0.2712,57,(0.579 0.636 0.664 0.496 0.462 0.405 0.271 0.536 ),NULL,NULL,NULL,NULL,NULL,NULL,NULL,NULL,NULL,NULL,NULL,NULL,NULL,NULL,NULL,NULL,NULL,NULL,NULL,NULL
MotorImagery,2021-05-13 13:17:23.2768,18902,fe5fc626256b64e28c699851cb9e6065,anonymous,ReceivingData,0.4039,58,(0.369 0.511 0.542 0.470 0.419 0.483 0.485 0.404 ),NULL,NULL,NULL,NULL,NULL,NULL,NULL,NULL,NULL,NULL,NULL,NULL,NULL,NULL,NULL,NULL,NULL,NULL,NULL,NULL
InputWindowChange,2021-05-13 13:17:23.8617,18944,fe5fc626256b64e28c699851cb9e6065,anonymous,NULL,NULL,NULL,NULL,Closed,14,0.0116,0.0000,Running,0.4683,30,0.0000,0,0.0000,0,0.4667,0,0.0000,0,0.0000,0,0.0000,NA,NULL
GameDecision,2021-05-13 13:17:23.8617,18944,fe5fc626256b64e28c699851cb9e6065,anonymous,NULL,NULL,NULL,NULL,Closed,14,0.0116,0.0000,Running,0.4683,30,0.0000,0,0.0000,0,0.5000,0,0.0000,0,0.0000,0,0.0000,RejInput,AccInput
Rest,2021-05-13 13:17:24.0288,18956,fe5fc626256b64e28c699851cb9e6065,anonymous,ReceivingData,0.2750,58,(0.540 0.437 0.330 0.275 0.759 0.695 0.679 0.659 ),NULL,NULL,NULL,NULL,NULL,NULL,NULL,NULL,NULL,NULL,NULL,NULL,NULL,NULL,NULL,NULL,NULL,NULL,NULL,NULL
MotorImagery,2021-05-13 13:17:26.7304,19150,fe5fc626256b64e28c699851cb9e6065,anonymous,ReceivingData,0.8708,59,(0.764 0.871 0.315 0.387 0.476 0.718 0.728 0.776 ),NULL,NULL,NULL,NULL,NULL,NULL,NULL,NULL,NULL,NULL,NULL,NULL,NULL,NULL,NULL,NULL,NULL,NULL,NULL,NULL
Rest,2021-05-13 13:17:27.2442,19187,fe5fc626256b64e28c699851cb9e6065,anonymous,ReceivingData,0.2057,59,(0.303 0.206 0.851 0.817 0.845 0.665 0.533 0.487 ),NULL,NULL,NULL,NULL,NULL,NULL,NULL,NULL,NULL,NULL,NULL,NULL,NULL,NULL,NULL,NULL,NULL,NULL,NULL,NULL
MotorImagery,2021-05-13 13:17:30.9348,19452,fe5fc626256b64e28c699851cb9e6065,anonymous,ReceivingData,0.6777,60,(0.414 0.417 0.516 0.589 0.674 0.631 0.678 0.311 ),NULL,NULL,NULL,NULL,NULL,NULL,NULL,NULL,NULL,NULL,NULL,NULL,NULL,NULL,NULL,NULL,NULL,NULL,NULL,NULL
InputWindowChange,2021-05-13 13:17:35.8630,19806,fe5fc626256b64e28c699851cb9e6065,anonymous,NULL,NULL,NULL,NULL,Open,15,0.0000,0.0000,Running,0.5549,30,0.0000,0,0.0000,0,0.5000,0,0.0000,0,0.0000,0,0.0000,NA,NULL
Rest,2021-05-13 13:17:38.5921,20002,fe5fc626256b64e28c699851cb9e6065,anonymous,ReceivingData,0.2823,60,(0.599 0.480 0.398 0.424 0.438 0.420 0.282 0.634 ),NULL,NULL,NULL,NULL,NULL,NULL,NULL,NULL,NULL,NULL,NULL,NULL,NULL,NULL,NULL,NULL,NULL,NULL,NULL,NULL
MotorImagery,2021-05-13 13:17:39.7606,20086,fe5fc626256b64e28c699851cb9e6065,anonymous,ReceivingData,0.6364,61,(0.547 0.549 0.636 0.347 0.323 0.339 0.547 0.529 ),NULL,NULL,NULL,NULL,NULL,NULL,NULL,NULL,NULL,NULL,NULL,NULL,NULL,NULL,NULL,NULL,NULL,NULL,NULL,NULL
Rest,2021-05-13 13:17:40.5404,20142,fe5fc626256b64e28c699851cb9e6065,anonymous,ReceivingData,0.2268,61,(0.752 0.682 0.682 0.662 0.578 0.521 0.397 0.227 ),NULL,NULL,NULL,NULL,NULL,NULL,NULL,NULL,NULL,NULL,NULL,NULL,NULL,NULL,NULL,NULL,NULL,NULL,NULL,NULL
InputWindowChange,2021-05-13 13:17:40.8742,20166,fe5fc626256b64e28c699851cb9e6065,anonymous,NULL,NULL,NULL,NULL,Closed,15,0.0124,0.0000,Running,0.5549,30,0.0000,0,0.0000,0,0.5000,0,0.0000,0,0.0000,0,0.0000,NA,NULL
GameDecision,2021-05-13 13:17:40.8752,20166,fe5fc626256b64e28c699851cb9e6065,anonymous,NULL,NULL,NULL,NULL,Closed,15,0.0124,0.0000,Running,0.5549,30,0.0000,0,0.0000,0,0.5333,0,0.0000,0,0.0000,0,0.0000,RejInput,AccInput
MotorImagery,2021-05-13 13:17:41.0282,20177,fe5fc626256b64e28c699851cb9e6065,anonymous,ReceivingData,0.6436,62,(0.370 0.519 0.533 0.453 0.501 0.510 0.532 0.644 ),NULL,NULL,NULL,NULL,NULL,NULL,NULL,NULL,NULL,NULL,NULL,NULL,NULL,NULL,NULL,NULL,NULL,NULL,NULL,NULL
Rest,2021-05-13 13:17:43.8405,20379,fe5fc626256b64e28c699851cb9e6065,anonymous,ReceivingData,0.2404,62,(0.660 0.486 0.373 0.390 0.398 0.315 0.240 0.699 ),NULL,NULL,NULL,NULL,NULL,NULL,NULL,NULL,NULL,NULL,NULL,NULL,NULL,NULL,NULL,NULL,NULL,NULL,NULL,NULL
MotorImagery,2021-05-13 13:17:45.2888,20483,fe5fc626256b64e28c699851cb9e6065,anonymous,ReceivingData,0.9929,63,(0.427 0.431 0.433 0.979 0.989 0.991 0.993 0.383 ),NULL,NULL,NULL,NULL,NULL,NULL,NULL,NULL,NULL,NULL,NULL,NULL,NULL,NULL,NULL,NULL,NULL,NULL,NULL,NULL
InputWindowChange,2021-05-13 13:17:52.8770,21027,fe5fc626256b64e28c699851cb9e6065,anonymous,NULL,NULL,NULL,NULL,Open,16,0.0000,0.0000,Running,0.3751,30,0.0000,0,0.0000,0,0.5333,0,0.0000,0,0.0000,0,0.0000,NA,NULL
Rest,2021-05-13 13:17:56.8162,21310,fe5fc626256b64e28c699851cb9e6065,anonymous,ReceivingData,0.2040,63,(0.901 0.204 0.879 0.874 0.882 0.860 0.879 0.882 ),NULL,NULL,NULL,NULL,NULL,NULL,NULL,NULL,NULL,NULL,NULL,NULL,NULL,NULL,NULL,NULL,NULL,NULL,NULL,NULL
MotorImagery,2021-05-13 13:17:57.3175,21346,fe5fc626256b64e28c699851cb9e6065,anonymous,ReceivingData,0.5728,64,(0.572 0.573 0.406 0.532 0.561 0.442 0.321 0.466 ),NULL,NULL,NULL,NULL,NULL,NULL,NULL,NULL,NULL,NULL,NULL,NULL,NULL,NULL,NULL,NULL,NULL,NULL,NULL,NULL
InputWindowChange,2021-05-13 13:17:57.8737,21386,fe5fc626256b64e28c699851cb9e6065,anonymous,NULL,NULL,NULL,NULL,Closed,16,0.0003,0.0000,Running,0.3751,30,0.0000,0,0.0000,0,0.5333,0,0.0000,0,0.0000,0,0.0000,NA,NULL
GameDecision,2021-05-13 13:17:57.8747,21386,fe5fc626256b64e28c699851cb9e6065,anonymous,NULL,NULL,NULL,NULL,Closed,16,0.0003,0.0000,Running,0.3751,30,0.0000,0,0.0000,0,0.5667,0,0.0000,0,0.0000,0,0.0000,RejInput,AccInput
Rest,2021-05-13 13:18:00.5195,21576,fe5fc626256b64e28c699851cb9e6065,anonymous,ReceivingData,0.2956,64,(0.738 0.719 0.599 0.544 0.483 0.351 0.296 0.775 ),NULL,NULL,NULL,NULL,NULL,NULL,NULL,NULL,NULL,NULL,NULL,NULL,NULL,NULL,NULL,NULL,NULL,NULL,NULL,NULL
MotorImagery,2021-05-13 13:18:01.9379,21678,fe5fc626256b64e28c699851cb9e6065,anonymous,ReceivingData,0.5626,65,(0.311 0.388 0.432 0.332 0.474 0.601 0.615 0.563 ),NULL,NULL,NULL,NULL,NULL,NULL,NULL,NULL,NULL,NULL,NULL,NULL,NULL,NULL,NULL,NULL,NULL,NULL,NULL,NULL
Rest,2021-05-13 13:18:06.5437,22008,fe5fc626256b64e28c699851cb9e6065,anonymous,ReceivingData,0.2865,65,(0.559 0.456 0.356 0.286 0.849 0.858 0.830 0.753 ),NULL,NULL,NULL,NULL,NULL,NULL,NULL,NULL,NULL,NULL,NULL,NULL,NULL,NULL,NULL,NULL,NULL,NULL,NULL,NULL
MotorImagery,2021-05-13 13:18:07.0605,22045,fe5fc626256b64e28c699851cb9e6065,anonymous,ReceivingData,0.5583,66,(0.531 0.546 0.599 0.558 0.329 0.418 0.495 0.434 ),NULL,NULL,NULL,NULL,NULL,NULL,NULL,NULL,NULL,NULL,NULL,NULL,NULL,NULL,NULL,NULL,NULL,NULL,NULL,NULL
InputWindowChange,2021-05-13 13:18:09.8880,22248,fe5fc626256b64e28c699851cb9e6065,anonymous,NULL,NULL,NULL,NULL,Open,17,0.0000,0.0000,Running,0.7362,30,0.0000,0,0.0000,0,0.5667,0,0.0000,0,0.0000,0,0.0000,NA,NULL
Rest,2021-05-13 13:18:13.0764,22477,fe5fc626256b64e28c699851cb9e6065,anonymous,ReceivingData,0.2784,66,(0.278 0.485 0.516 0.571 0.506 0.485 0.448 0.320 ),NULL,NULL,NULL,NULL,NULL,NULL,NULL,NULL,NULL,NULL,NULL,NULL,NULL,NULL,NULL,NULL,NULL,NULL,NULL,NULL
MotorImagery,2021-05-13 13:18:14.3573,22569,fe5fc626256b64e28c699851cb9e6065,anonymous,ReceivingData,0.3621,67,(0.385 0.388 0.421 0.394 0.403 0.399 0.362 0.315 ),NULL,NULL,NULL,NULL,NULL,NULL,NULL,NULL,NULL,NULL,NULL,NULL,NULL,NULL,NULL,NULL,NULL,NULL,NULL,NULL
Rest,2021-05-13 13:18:14.4685,22577,fe5fc626256b64e28c699851cb9e6065,anonymous,ReceivingData,0.2660,67,(0.385 0.388 0.421 0.394 0.403 0.399 0.362 0.266 ),NULL,NULL,NULL,NULL,NULL,NULL,NULL,NULL,NULL,NULL,NULL,NULL,NULL,NULL,NULL,NULL,NULL,NULL,NULL,NULL
InputWindowChange,2021-05-13 13:18:14.8869,22607,fe5fc626256b64e28c699851cb9e6065,anonymous,NULL,NULL,NULL,NULL,Closed,17,0.0003,0.0000,Running,0.7362,30,0.0000,0,0.0000,0,0.5667,0,0.0000,0,0.0000,0,0.0000,NA,NULL
GameDecision,2021-05-13 13:18:14.8879,22607,fe5fc626256b64e28c699851cb9e6065,anonymous,NULL,NULL,NULL,NULL,Closed,17,0.0003,0.0000,Running,0.7362,30,0.0000,0,0.0000,0,0.6000,0,0.0000,0,0.0000,0,0.0000,RejInput,AccInput
MotorImagery,2021-05-13 13:18:16.4338,22718,fe5fc626256b64e28c699851cb9e6065,anonymous,ReceivingData,0.6861,68,(0.686 0.397 0.447 0.583 0.663 0.670 0.591 0.593 ),NULL,NULL,NULL,NULL,NULL,NULL,NULL,NULL,NULL,NULL,NULL,NULL,NULL,NULL,NULL,NULL,NULL,NULL,NULL,NULL
Rest,2021-05-13 13:18:18.7295,22883,fe5fc626256b64e28c699851cb9e6065,anonymous,ReceivingData,0.2906,68,(0.412 0.550 0.568 0.467 0.368 0.343 0.291 0.494 ),NULL,NULL,NULL,NULL,NULL,NULL,NULL,NULL,NULL,NULL,NULL,NULL,NULL,NULL,NULL,NULL,NULL,NULL,NULL,NULL
MotorImagery,2021-05-13 13:18:19.2580,22921,fe5fc626256b64e28c699851cb9e6065,anonymous,ReceivingData,0.3913,69,(0.361 0.434 0.459 0.430 0.416 0.435 0.350 0.391 ),NULL,NULL,NULL,NULL,NULL,NULL,NULL,NULL,NULL,NULL,NULL,NULL,NULL,NULL,NULL,NULL,NULL,NULL,NULL,NULL
InputWindowChange,2021-05-13 13:18:26.9016,23470,fe5fc626256b64e28c699851cb9e6065,anonymous,NULL,NULL,NULL,NULL,Open,18,0.0000,0.0000,Running,0.0105,30,0.0000,0,0.0000,0,0.6000,0,0.0000,0,0.0000,0,0.0000,NA,NULL
InputWindowChange,2021-05-13 13:18:31.9120,23830,fe5fc626256b64e28c699851cb9e6065,anonymous,NULL,NULL,NULL,NULL,Closed,18,0.0097,0.0000,Running,0.0105,30,0.0000,0,0.0000,0,0.6000,0,0.0000,0,0.0000,0,0.0000,NA,NULL
GameDecision,2021-05-13 13:18:31.9120,23830,fe5fc626256b64e28c699851cb9e6065,anonymous,NULL,NULL,NULL,NULL,Closed,18,0.0097,0.0000,Running,0.0105,30,0.0000,0,0.0000,0,0.6333,0,0.0000,0,0.0000,0,0.0000,RejInput,AccInput
InputWindowChange,2021-05-13 13:18:43.9131,24692,fe5fc626256b64e28c699851cb9e6065,anonymous,NULL,NULL,NULL,NULL,Open,19,0.0000,0.0000,Running,0.5433,30,0.0000,0,0.0000,0,0.6333,0,0.0000,0,0.0000,0,0.0000,NA,NULL
Rest,2021-05-13 13:18:48.5091,25022,fe5fc626256b64e28c699851cb9e6065,anonymous,ReceivingData,0.2700,69,(0.818 0.746 0.630 0.429 0.270 0.672 0.593 0.750 ),NULL,NULL,NULL,NULL,NULL,NULL,NULL,NULL,NULL,NULL,NULL,NULL,NULL,NULL,NULL,NULL,NULL,NULL,NULL,NULL
InputWindowChange,2021-05-13 13:18:48.9253,25052,fe5fc626256b64e28c699851cb9e6065,anonymous,NULL,NULL,NULL,NULL,Closed,19,0.0109,0.0000,Running,0.5433,30,0.0000,0,0.0000,0,0.6333,0,0.0000,0,0.0000,0,0.0000,NA,NULL
GameDecision,2021-05-13 13:18:48.9263,25052,fe5fc626256b64e28c699851cb9e6065,anonymous,NULL,NULL,NULL,NULL,Closed,19,0.0109,0.0000,Running,0.5433,30,0.0000,0,0.0000,0,0.6667,0,0.0000,0,0.0000,0,0.0000,RejInput,AccInput
MotorImagery,2021-05-13 13:18:51.5582,25241,fe5fc626256b64e28c699851cb9e6065,anonymous,ReceivingData,0.8010,70,(0.429 0.511 0.650 0.756 0.807 0.823 0.801 0.352 ),NULL,NULL,NULL,NULL,NULL,NULL,NULL,NULL,NULL,NULL,NULL,NULL,NULL,NULL,NULL,NULL,NULL,NULL,NULL,NULL
Rest,2021-05-13 13:18:52.4478,25305,fe5fc626256b64e28c699851cb9e6065,anonymous,ReceivingData,0.2204,70,(0.556 0.458 0.494 0.415 0.326 0.220 0.821 0.763 ),NULL,NULL,NULL,NULL,NULL,NULL,NULL,NULL,NULL,NULL,NULL,NULL,NULL,NULL,NULL,NULL,NULL,NULL,NULL,NULL
MotorImagery,2021-05-13 13:18:53.4922,25380,fe5fc626256b64e28c699851cb9e6065,anonymous,ReceivingData,0.6695,71,(0.375 0.578 0.691 0.681 0.674 0.649 0.674 0.669 ),NULL,NULL,NULL,NULL,NULL,NULL,NULL,NULL,NULL,NULL,NULL,NULL,NULL,NULL,NULL,NULL,NULL,NULL,NULL,NULL
InputWindowChange,2021-05-13 13:19:00.9277,25913,fe5fc626256b64e28c699851cb9e6065,anonymous,NULL,NULL,NULL,NULL,Open,20,0.0000,0.0000,Running,0.5437,30,0.0000,0,0.0000,0,0.6667,0,0.0000,0,0.0000,0,0.0000,NA,NULL
Rest,2021-05-13 13:19:04.5891,26175,fe5fc626256b64e28c699851cb9e6065,anonymous,ReceivingData,0.2814,71,(0.368 0.348 0.400 0.425 0.456 0.448 0.331 0.281 ),NULL,NULL,NULL,NULL,NULL,NULL,NULL,NULL,NULL,NULL,NULL,NULL,NULL,NULL,NULL,NULL,NULL,NULL,NULL,NULL
InputWindowChange,2021-05-13 13:19:05.9392,26272,fe5fc626256b64e28c699851cb9e6065,anonymous,NULL,NULL,NULL,NULL,Closed,20,0.0122,0.0000,Running,0.5437,30,0.0000,0,0.0000,0,0.6667,0,0.0000,0,0.0000,0,0.0000,NA,NULL
GameDecision,2021-05-13 13:19:05.9402,26272,fe5fc626256b64e28c699851cb9e6065,anonymous,NULL,NULL,NULL,NULL,Closed,20,0.0122,0.0000,Running,0.5437,30,0.0000,0,0.0000,0,0.7000,0,0.0000,0,0.0000,0,0.0000,RejInput,AccInput
MotorImagery,2021-05-13 13:19:06.1329,26286,fe5fc626256b64e28c699851cb9e6065,anonymous,ReceivingData,0.5096,72,(0.575 0.510 0.399 0.487 0.514 0.515 0.566 0.517 ),NULL,NULL,NULL,NULL,NULL,NULL,NULL,NULL,NULL,NULL,NULL,NULL,NULL,NULL,NULL,NULL,NULL,NULL,NULL,NULL
Rest,2021-05-13 13:19:07.2878,26369,fe5fc626256b64e28c699851cb9e6065,anonymous,ReceivingData,0.2833,72,(0.488 0.525 0.486 0.430 0.324 0.283 0.578 0.608 ),NULL,NULL,NULL,NULL,NULL,NULL,NULL,NULL,NULL,NULL,NULL,NULL,NULL,NULL,NULL,NULL,NULL,NULL,NULL,NULL
MotorImagery,2021-05-13 13:19:08.5699,26461,fe5fc626256b64e28c699851cb9e6065,anonymous,ReceivingData,0.4379,73,(0.427 0.478 0.534 0.438 0.336 0.354 0.349 0.322 ),NULL,NULL,NULL,NULL,NULL,NULL,NULL,NULL,NULL,NULL,NULL,NULL,NULL,NULL,NULL,NULL,NULL,NULL,NULL,NULL
InputWindowChange,2021-05-13 13:19:17.9377,27134,fe5fc626256b64e28c699851cb9e6065,anonymous,NULL,NULL,NULL,NULL,Open,21,0.0000,0.0000,Running,0.5215,30,0.0000,0,0.0000,0,0.7000,0,0.0000,0,0.0000,0,0.0000,NA,NULL
Rest,2021-05-13 13:19:21.4619,27387,fe5fc626256b64e28c699851cb9e6065,anonymous,ReceivingData,0.2903,73,(0.305 0.290 0.573 0.602 0.424 0.347 0.355 0.333 ),NULL,NULL,NULL,NULL,NULL,NULL,NULL,NULL,NULL,NULL,NULL,NULL,NULL,NULL,NULL,NULL,NULL,NULL,NULL,NULL
MotorImagery,2021-05-13 13:19:22.2521,27443,fe5fc626256b64e28c699851cb9e6065,anonymous,ReceivingData,0.5722,74,(0.336 0.354 0.327 0.424 0.516 0.591 0.613 0.572 ),NULL,NULL,NULL,NULL,NULL,NULL,NULL,NULL,NULL,NULL,NULL,NULL,NULL,NULL,NULL,NULL,NULL,NULL,NULL,NULL
InputWindowChange,2021-05-13 13:19:22.9513,27493,fe5fc626256b64e28c699851cb9e6065,anonymous,NULL,NULL,NULL,NULL,Closed,21,0.0124,0.0000,Running,0.5215,30,0.0000,0,0.0000,0,0.7000,0,0.0000,0,0.0000,0,0.0000,NA,NULL
GameDecision,2021-05-13 13:19:22.9513,27493,fe5fc626256b64e28c699851cb9e6065,anonymous,NULL,NULL,NULL,NULL,Closed,21,0.0124,0.0000,Running,0.5215,30,0.0000,0,0.0000,0,0.7333,0,0.0000,0,0.0000,0,0.0000,RejInput,AccInput
Rest,2021-05-13 13:19:23.5073,27533,fe5fc626256b64e28c699851cb9e6065,anonymous,ReceivingData,0.2536,74,(0.493 0.364 0.314 0.254 0.702 0.720 0.710 0.648 ),NULL,NULL,NULL,NULL,NULL,NULL,NULL,NULL,NULL,NULL,NULL,NULL,NULL,NULL,NULL,NULL,NULL,NULL,NULL,NULL
MotorImagery,2021-05-13 13:19:24.5377,27607,fe5fc626256b64e28c699851cb9e6065,anonymous,ReceivingData,0.4276,75,(0.443 0.539 0.455 0.394 0.428 0.323 0.402 0.444 ),NULL,NULL,NULL,NULL,NULL,NULL,NULL,NULL,NULL,NULL,NULL,NULL,NULL,NULL,NULL,NULL,NULL,NULL,NULL,NULL
Rest,2021-05-13 13:19:24.8181,27627,fe5fc626256b64e28c699851cb9e6065,anonymous,ReceivingData,0.2990,75,(0.392 0.362 0.299 0.394 0.428 0.527 0.525 0.447 ),NULL,NULL,NULL,NULL,NULL,NULL,NULL,NULL,NULL,NULL,NULL,NULL,NULL,NULL,NULL,NULL,NULL,NULL,NULL,NULL
MotorImagery,2021-05-13 13:19:25.8049,27698,fe5fc626256b64e28c699851cb9e6065,anonymous,ReceivingData,0.5731,76,(0.606 0.637 0.573 0.314 0.427 0.420 0.341 0.424 ),NULL,NULL,NULL,NULL,NULL,NULL,NULL,NULL,NULL,NULL,NULL,NULL,NULL,NULL,NULL,NULL,NULL,NULL,NULL,NULL
Rest,2021-05-13 13:19:26.9607,27781,fe5fc626256b64e28c699851cb9e6065,anonymous,ReceivingData,0.2119,76,(0.543 0.501 0.518 0.453 0.383 0.212 0.651 0.680 ),NULL,NULL,NULL,NULL,NULL,NULL,NULL,NULL,NULL,NULL,NULL,NULL,NULL,NULL,NULL,NULL,NULL,NULL,NULL,NULL
MotorImagery,2021-05-13 13:19:28.7559,27910,fe5fc626256b64e28c699851cb9e6065,anonymous,ReceivingData,0.6944,77,(0.588 0.602 0.646 0.694 0.336 0.422 0.609 0.635 ),NULL,NULL,NULL,NULL,NULL,NULL,NULL,NULL,NULL,NULL,NULL,NULL,NULL,NULL,NULL,NULL,NULL,NULL,NULL,NULL
Rest,2021-05-13 13:19:32.8350,28203,fe5fc626256b64e28c699851cb9e6065,anonymous,ReceivingData,0.2970,77,(0.598 0.592 0.585 0.647 0.599 0.420 0.382 0.297 ),NULL,NULL,NULL,NULL,NULL,NULL,NULL,NULL,NULL,NULL,NULL,NULL,NULL,NULL,NULL,NULL,NULL,NULL,NULL,NULL
MotorImagery,2021-05-13 13:19:33.3649,28241,fe5fc626256b64e28c699851cb9e6065,anonymous,ReceivingData,0.6502,78,(0.650 0.402 0.423 0.526 0.516 0.523 0.476 0.567 ),NULL,NULL,NULL,NULL,NULL,NULL,NULL,NULL,NULL,NULL,NULL,NULL,NULL,NULL,NULL,NULL,NULL,NULL,NULL,NULL
InputWindowChange,2021-05-13 13:19:34.9512,28355,fe5fc626256b64e28c699851cb9e6065,anonymous,NULL,NULL,NULL,NULL,Open,22,0.0000,0.0000,Running,0.9766,30,0.0000,0,0.0000,0,0.7333,0,0.0000,0,0.0000,0,0.0000,NA,NULL
Rest,2021-05-13 13:19:38.6128,28618,fe5fc626256b64e28c699851cb9e6065,anonymous,ReceivingData,0.2623,78,(0.354 0.408 0.354 0.262 0.424 0.463 0.420 0.353 ),NULL,NULL,NULL,NULL,NULL,NULL,NULL,NULL,NULL,NULL,NULL,NULL,NULL,NULL,NULL,NULL,NULL,NULL,NULL,NULL
MotorImagery,2021-05-13 13:19:39.7412,28699,fe5fc626256b64e28c699851cb9e6065,anonymous,ReceivingData,0.6964,79,(0.521 0.550 0.500 0.585 0.639 0.696 0.363 0.435 ),NULL,NULL,NULL,NULL,NULL,NULL,NULL,NULL,NULL,NULL,NULL,NULL,NULL,NULL,NULL,NULL,NULL,NULL,NULL,NULL
InputWindowChange,2021-05-13 13:19:39.9645,28715,fe5fc626256b64e28c699851cb9e6065,anonymous,NULL,NULL,NULL,NULL,Closed,22,0.0129,0.0000,Running,0.9766,30,0.0000,0,0.0000,0,0.7333,0,0.0000,0,0.0000,0,0.0000,NA,NULL
GameDecision,2021-05-13 13:19:39.9655,28715,fe5fc626256b64e28c699851cb9e6065,anonymous,NULL,NULL,NULL,NULL,Closed,22,0.0129,0.0000,Running,0.9766,30,0.0000,0,0.0000,0,0.7667,0,0.0000,0,0.0000,0,0.0000,RejInput,AccInput
Rest,2021-05-13 13:19:46.1452,29159,fe5fc626256b64e28c699851cb9e6065,anonymous,ReceivingData,0.2764,79,(0.346 0.276 0.501 0.477 0.430 0.400 0.418 0.378 ),NULL,NULL,NULL,NULL,NULL,NULL,NULL,NULL,NULL,NULL,NULL,NULL,NULL,NULL,NULL,NULL,NULL,NULL,NULL,NULL
MotorImagery,2021-05-13 13:19:46.6465,29195,fe5fc626256b64e28c699851cb9e6065,anonymous,ReceivingData,0.6017,80,(0.512 0.602 0.450 0.435 0.399 0.387 0.427 0.450 ),NULL,NULL,NULL,NULL,NULL,NULL,NULL,NULL,NULL,NULL,NULL,NULL,NULL,NULL,NULL,NULL,NULL,NULL,NULL,NULL
InputWindowChange,2021-05-13 13:19:51.9506,29576,fe5fc626256b64e28c699851cb9e6065,anonymous,NULL,NULL,NULL,NULL,Open,23,0.0000,0.0000,Running,0.8664,30,0.0000,0,0.0000,0,0.7667,0,0.0000,0,0.0000,0,0.0000,NA,NULL
Rest,2021-05-13 13:19:54.3309,29747,fe5fc626256b64e28c699851cb9e6065,anonymous,ReceivingData,0.2142,80,(0.441 0.306 0.214 0.684 0.738 0.693 0.684 0.617 ),NULL,NULL,NULL,NULL,NULL,NULL,NULL,NULL,NULL,NULL,NULL,NULL,NULL,NULL,NULL,NULL,NULL,NULL,NULL,NULL
MotorImagery,2021-05-13 13:19:55.7510,29849,fe5fc626256b64e28c699851cb9e6065,anonymous,ReceivingData,0.8725,81,(0.842 0.872 0.345 0.415 0.652 0.783 0.667 0.739 ),NULL,NULL,NULL,NULL,NULL,NULL,NULL,NULL,NULL,NULL,NULL,NULL,NULL,NULL,NULL,NULL,NULL,NULL,NULL,NULL
InputWindowChange,2021-05-13 13:19:56.9630,29936,fe5fc626256b64e28c699851cb9e6065,anonymous,NULL,NULL,NULL,NULL,Closed,23,0.0110,0.0000,Running,0.8664,30,0.0000,0,0.0000,0,0.7667,0,0.0000,0,0.0000,0,0.0000,NA,NULL
GameDecision,2021-05-13 13:19:56.9640,29936,fe5fc626256b64e28c699851cb9e6065,anonymous,NULL,NULL,NULL,NULL,Closed,23,0.0110,0.0000,Running,0.8664,30,0.0000,0,0.0000,0,0.8000,0,0.0000,0,0.0000,0,0.0000,RejInput,AccInput
Rest,2021-05-13 13:19:58.1899,30024,fe5fc626256b64e28c699851cb9e6065,anonymous,ReceivingData,0.1997,81,(0.315 0.200 0.549 0.401 0.310 0.359 0.348 0.319 ),NULL,NULL,NULL,NULL,NULL,NULL,NULL,NULL,NULL,NULL,NULL,NULL,NULL,NULL,NULL,NULL,NULL,NULL,NULL,NULL
MotorImagery,2021-05-13 13:19:59.0640,30087,fe5fc626256b64e28c699851cb9e6065,anonymous,ReceivingData,0.3436,82,(0.372 0.476 0.590 0.608 0.605 0.486 0.420 0.344 ),NULL,NULL,NULL,NULL,NULL,NULL,NULL,NULL,NULL,NULL,NULL,NULL,NULL,NULL,NULL,NULL,NULL,NULL,NULL,NULL
Rest,2021-05-13 13:20:02.1403,30308,fe5fc626256b64e28c699851cb9e6065,anonymous,ReceivingData,0.2860,82,(0.639 0.476 0.369 0.286 0.693 0.753 0.692 0.656 ),NULL,NULL,NULL,NULL,NULL,NULL,NULL,NULL,NULL,NULL,NULL,NULL,NULL,NULL,NULL,NULL,NULL,NULL,NULL,NULL
MotorImagery,2021-05-13 13:20:03.4080,30399,fe5fc626256b64e28c699851cb9e6065,anonymous,ReceivingData,0.8988,83,(0.860 0.899 0.406 0.635 0.771 0.806 0.874 0.840 ),NULL,NULL,NULL,NULL,NULL,NULL,NULL,NULL,NULL,NULL,NULL,NULL,NULL,NULL,NULL,NULL,NULL,NULL,NULL,NULL
InputWindowChange,2021-05-13 13:20:08.9631,30798,fe5fc626256b64e28c699851cb9e6065,anonymous,NULL,NULL,NULL,NULL,Open,24,0.0000,0.0000,Running,0.7859,30,0.0000,0,0.0000,0,0.8000,0,0.0000,0,0.0000,0,0.0000,NA,NULL
Rest,2021-05-13 13:20:10.5919,30914,fe5fc626256b64e28c699851cb9e6065,anonymous,ReceivingData,0.2395,83,(0.240 0.582 0.566 0.620 0.549 0.485 0.450 0.383 ),NULL,NULL,NULL,NULL,NULL,NULL,NULL,NULL,NULL,NULL,NULL,NULL,NULL,NULL,NULL,NULL,NULL,NULL,NULL,NULL
MotorImagery,2021-05-13 13:20:11.5943,30986,fe5fc626256b64e28c699851cb9e6065,anonymous,ReceivingData,0.6997,84,(0.700 0.318 0.416 0.424 0.460 0.535 0.609 0.644 ),NULL,NULL,NULL,NULL,NULL,NULL,NULL,NULL,NULL,NULL,NULL,NULL,NULL,NULL,NULL,NULL,NULL,NULL,NULL,NULL
InputWindowChange,2021-05-13 13:20:13.9745,31157,fe5fc626256b64e28c699851cb9e6065,anonymous,NULL,NULL,NULL,NULL,Closed,24,0.0130,0.0000,Running,0.7859,30,0.0000,0,0.0000,0,0.8000,0,0.0000,0,0.0000,0,0.0000,NA,NULL
GameDecision,2021-05-13 13:20:13.9755,31157,fe5fc626256b64e28c699851cb9e6065,anonymous,NULL,NULL,NULL,NULL,Closed,24,0.0130,0.0000,Running,0.7859,30,0.0000,0,0.0000,0,0.8333,0,0.0000,0,0.0000,0,0.0000,RejInput,AccInput
InputWindowChange,2021-05-13 13:20:25.9769,32019,fe5fc626256b64e28c699851cb9e6065,anonymous,NULL,NULL,NULL,NULL,Open,25,0.0000,0.0000,Running,0.8348,30,0.0000,0,0.0000,0,0.8333,0,0.0000,0,0.0000,0,0.0000,NA,NULL
InputWindowChange,2021-05-13 13:20:30.9878,32379,fe5fc626256b64e28c699851cb9e6065,anonymous,NULL,NULL,NULL,NULL,Closed,25,0.0087,0.0000,Running,0.8348,30,0.0000,0,0.0000,0,0.8333,0,0.0000,0,0.0000,0,0.0000,NA,NULL
GameDecision,2021-05-13 13:20:30.9883,32379,fe5fc626256b64e28c699851cb9e6065,anonymous,NULL,NULL,NULL,NULL,Closed,25,0.0087,0.0000,Running,0.8348,30,0.0000,0,0.0000,0,0.8667,0,0.0000,0,0.0000,0,0.0000,RejInput,AccInput
Rest,2021-05-13 13:20:31.9630,32449,fe5fc626256b64e28c699851cb9e6065,anonymous,ReceivingData,0.2426,84,(0.406 0.306 0.243 0.494 0.413 0.449 0.461 0.498 ),NULL,NULL,NULL,NULL,NULL,NULL,NULL,NULL,NULL,NULL,NULL,NULL,NULL,NULL,NULL,NULL,NULL,NULL,NULL,NULL
MotorImagery,2021-05-13 13:20:33.2711,32543,fe5fc626256b64e28c699851cb9e6065,anonymous,ReceivingData,0.3132,85,(0.349 0.313 0.302 0.385 0.435 0.344 0.368 0.393 ),NULL,NULL,NULL,NULL,NULL,NULL,NULL,NULL,NULL,NULL,NULL,NULL,NULL,NULL,NULL,NULL,NULL,NULL,NULL,NULL
Rest,2021-05-13 13:20:33.3691,32550,fe5fc626256b64e28c699851cb9e6065,anonymous,ReceivingData,0.2964,85,(0.349 0.313 0.296 0.385 0.435 0.344 0.368 0.393 ),NULL,NULL,NULL,NULL,NULL,NULL,NULL,NULL,NULL,NULL,NULL,NULL,NULL,NULL,NULL,NULL,NULL,NULL,NULL,NULL
MotorImagery,2021-05-13 13:20:34.7739,32651,fe5fc626256b64e28c699851cb9e6065,anonymous,ReceivingData,0.4880,86,(0.539 0.488 0.311 0.372 0.336 0.329 0.348 0.411 ),NULL,NULL,NULL,NULL,NULL,NULL,NULL,NULL,NULL,NULL,NULL,NULL,NULL,NULL,NULL,NULL,NULL,NULL,NULL,NULL
Rest,2021-05-13 13:20:36.9460,32807,fe5fc626256b64e28c699851cb9e6065,anonymous,ReceivingData,0.2957,86,(0.605 0.598 0.547 0.433 0.348 0.296 0.731 0.653 ),NULL,NULL,NULL,NULL,NULL,NULL,NULL,NULL,NULL,NULL,NULL,NULL,NULL,NULL,NULL,NULL,NULL,NULL,NULL,NULL
MotorImagery,2021-05-13 13:20:37.9895,32882,fe5fc626256b64e28c699851cb9e6065,anonymous,ReceivingData,0.5118,87,(0.336 0.379 0.408 0.554 0.541 0.576 0.549 0.512 ),NULL,NULL,NULL,NULL,NULL,NULL,NULL,NULL,NULL,NULL,NULL,NULL,NULL,NULL,NULL,NULL,NULL,NULL,NULL,NULL
InputWindowChange,2021-05-13 13:20:42.9883,33241,fe5fc626256b64e28c699851cb9e6065,anonymous,NULL,NULL,NULL,NULL,Open,26,0.0000,0.0000,Running,0.6400,30,0.0000,0,0.0000,0,0.8667,0,0.0000,0,0.0000,0,0.0000,NA,NULL
Rest,2021-05-13 13:20:47.4990,33565,fe5fc626256b64e28c699851cb9e6065,anonymous,ReceivingData,0.2893,87,(0.791 0.745 0.706 0.696 0.701 0.564 0.419 0.289 ),NULL,NULL,NULL,NULL,NULL,NULL,NULL,NULL,NULL,NULL,NULL,NULL,NULL,NULL,NULL,NULL,NULL,NULL,NULL,NULL
MotorImagery,2021-05-13 13:20:47.8888,33593,fe5fc626256b64e28c699851cb9e6065,anonymous,ReceivingData,0.6011,88,(0.303 0.381 0.542 0.664 0.603 0.591 0.628 0.601 ),NULL,NULL,NULL,NULL,NULL,NULL,NULL,NULL,NULL,NULL,NULL,NULL,NULL,NULL,NULL,NULL,NULL,NULL,NULL,NULL
InputWindowChange,2021-05-13 13:20:47.9999,33601,fe5fc626256b64e28c699851cb9e6065,anonymous,NULL,NULL,NULL,NULL,Closed,26,0.0112,0.0000,Running,0.6400,30,0.0000,0,0.0000,0,0.8667,0,0.0000,0,0.0000,0,0.0000,NA,NULL
GameDecision,2021-05-13 13:20:47.9999,33601,fe5fc626256b64e28c699851cb9e6065,anonymous,NULL,NULL,NULL,NULL,Closed,26,0.0112,0.0000,Running,0.6400,30,0.0000,0,0.0000,0,0.9000,0,0.0000,0,0.0000,0,0.0000,RejInput,AccInput
Rest,2021-05-13 13:20:48.9040,33666,fe5fc626256b64e28c699851cb9e6065,anonymous,ReceivingData,0.2915,88,(0.292 0.559 0.519 0.418 0.383 0.501 0.496 0.327 ),NULL,NULL,NULL,NULL,NULL,NULL,NULL,NULL,NULL,NULL,NULL,NULL,NULL,NULL,NULL,NULL,NULL,NULL,NULL,NULL
MotorImagery,2021-05-13 13:20:51.0918,33823,fe5fc626256b64e28c699851cb9e6065,anonymous,ReceivingData,0.7440,89,(0.492 0.578 0.618 0.739 0.744 0.325 0.357 0.411 ),NULL,NULL,NULL,NULL,NULL,NULL,NULL,NULL,NULL,NULL,NULL,NULL,NULL,NULL,NULL,NULL,NULL,NULL,NULL,NULL
Rest,2021-05-13 13:20:52.1082,33896,fe5fc626256b64e28c699851cb9e6065,anonymous,ReceivingData,0.2830,89,(0.794 0.688 0.678 0.614 0.372 0.283 0.888 0.888 ),NULL,NULL,NULL,NULL,NULL,NULL,NULL,NULL,NULL,NULL,NULL,NULL,NULL,NULL,NULL,NULL,NULL,NULL,NULL,NULL
MotorImagery,2021-05-13 13:20:53.2647,33979,fe5fc626256b64e28c699851cb9e6065,anonymous,ReceivingData,0.8259,90,(0.826 0.421 0.547 0.504 0.516 0.580 0.646 0.728 ),NULL,NULL,NULL,NULL,NULL,NULL,NULL,NULL,NULL,NULL,NULL,NULL,NULL,NULL,NULL,NULL,NULL,NULL,NULL,NULL
InputWindowChange,2021-05-13 13:21:00.0021,34463,fe5fc626256b64e28c699851cb9e6065,anonymous,NULL,NULL,NULL,NULL,Open,27,0.0000,0.0000,Running,0.5679,30,0.0000,0,0.0000,0,0.9000,0,0.0000,0,0.0000,0,0.0000,NA,NULL
Rest,2021-05-13 13:21:02.7020,34657,fe5fc626256b64e28c699851cb9e6065,anonymous,ReceivingData,0.2946,90,(0.407 0.442 0.475 0.414 0.377 0.295 0.568 0.405 ),NULL,NULL,NULL,NULL,NULL,NULL,NULL,NULL,NULL,NULL,NULL,NULL,NULL,NULL,NULL,NULL,NULL,NULL,NULL,NULL
MotorImagery,2021-05-13 13:21:04.7482,34804,fe5fc626256b64e28c699851cb9e6065,anonymous,ReceivingData,0.6969,91,(0.345 0.438 0.586 0.627 0.667 0.674 0.698 0.697 ),NULL,NULL,NULL,NULL,NULL,NULL,NULL,NULL,NULL,NULL,NULL,NULL,NULL,NULL,NULL,NULL,NULL,NULL,NULL,NULL
InputWindowChange,2021-05-13 13:21:05.0124,34823,fe5fc626256b64e28c699851cb9e6065,anonymous,NULL,NULL,NULL,NULL,Closed,27,0.0094,0.0000,Running,0.5679,30,0.0000,0,0.0000,0,0.9000,0,0.0000,0,0.0000,0,0.0000,NA,NULL
GameDecision,2021-05-13 13:21:05.0134,34823,fe5fc626256b64e28c699851cb9e6065,anonymous,NULL,NULL,NULL,NULL,Closed,27,0.0094,0.0000,Running,0.5679,30,0.0000,0,0.0000,0,0.9333,0,0.0000,0,0.0000,0,0.0000,RejInput,AccInput
Rest,2021-05-13 13:21:09.7609,35164,fe5fc626256b64e28c699851cb9e6065,anonymous,ReceivingData,0.2574,91,(0.566 0.607 0.552 0.411 0.257 0.633 0.546 0.496 ),NULL,NULL,NULL,NULL,NULL,NULL,NULL,NULL,NULL,NULL,NULL,NULL,NULL,NULL,NULL,NULL,NULL,NULL,NULL,NULL
MotorImagery,2021-05-13 13:21:12.1837,35338,fe5fc626256b64e28c699851cb9e6065,anonymous,ReceivingData,0.7033,92,(0.561 0.618 0.685 0.703 0.355 0.426 0.516 0.571 ),NULL,NULL,NULL,NULL,NULL,NULL,NULL,NULL,NULL,NULL,NULL,NULL,NULL,NULL,NULL,NULL,NULL,NULL,NULL,NULL
InputWindowChange,2021-05-13 13:21:17.0144,35685,fe5fc626256b64e28c699851cb9e6065,anonymous,NULL,NULL,NULL,NULL,Open,28,0.0000,0.0000,Running,0.8931,30,0.0000,0,0.0000,0,0.9333,0,0.0000,0,0.0000,0,0.0000,NA,NULL
Rest,2021-05-13 13:21:20.9115,35965,fe5fc626256b64e28c699851cb9e6065,anonymous,ReceivingData,0.2689,92,(0.894 0.826 0.713 0.492 0.523 0.544 0.363 0.269 ),NULL,NULL,NULL,NULL,NULL,NULL,NULL,NULL,NULL,NULL,NULL,NULL,NULL,NULL,NULL,NULL,NULL,NULL,NULL,NULL
MotorImagery,2021-05-13 13:21:21.5521,36011,fe5fc626256b64e28c699851cb9e6065,anonymous,ReceivingData,0.4447,93,(0.350 0.337 0.445 0.329 0.391 0.371 0.377 0.338 ),NULL,NULL,NULL,NULL,NULL,NULL,NULL,NULL,NULL,NULL,NULL,NULL,NULL,NULL,NULL,NULL,NULL,NULL,NULL,NULL
InputWindowChange,2021-05-13 13:21:22.0260,36045,fe5fc626256b64e28c699851cb9e6065,anonymous,NULL,NULL,NULL,NULL,Closed,28,0.0109,0.0000,Running,0.8931,30,0.0000,0,0.0000,0,0.9333,0,0.0000,0,0.0000,0,0.0000,NA,NULL
GameDecision,2021-05-13 13:21:22.0260,36045,fe5fc626256b64e28c699851cb9e6065,anonymous,NULL,NULL,NULL,NULL,Closed,28,0.0109,0.0000,Running,0.8931,30,0.0000,0,0.0000,0,0.9667,0,0.0000,0,0.0000,0,0.0000,RejInput,AccInput
Rest,2021-05-13 13:21:23.2337,36132,fe5fc626256b64e28c699851cb9e6065,anonymous,ReceivingData,0.2409,93,(0.608 0.677 0.606 0.662 0.489 0.420 0.323 0.241 ),NULL,NULL,NULL,NULL,NULL,NULL,NULL,NULL,NULL,NULL,NULL,NULL,NULL,NULL,NULL,NULL,NULL,NULL,NULL,NULL
MotorImagery,2021-05-13 13:21:24.6277,36232,fe5fc626256b64e28c699851cb9e6065,anonymous,ReceivingData,0.6219,94,(0.507 0.512 0.601 0.574 0.532 0.622 0.317 0.462 ),NULL,NULL,NULL,NULL,NULL,NULL,NULL,NULL,NULL,NULL,NULL,NULL,NULL,NULL,NULL,NULL,NULL,NULL,NULL,NULL
Rest,2021-05-13 13:21:29.4884,36581,fe5fc626256b64e28c699851cb9e6065,anonymous,ReceivingData,0.2383,94,(0.499 0.467 0.324 0.238 0.412 0.398 0.417 0.437 ),NULL,NULL,NULL,NULL,NULL,NULL,NULL,NULL,NULL,NULL,NULL,NULL,NULL,NULL,NULL,NULL,NULL,NULL,NULL,NULL
MotorImagery,2021-05-13 13:21:30.1139,36626,fe5fc626256b64e28c699851cb9e6065,anonymous,ReceivingData,0.4189,95,(0.505 0.501 0.517 0.425 0.419 0.378 0.379 0.418 ),NULL,NULL,NULL,NULL,NULL,NULL,NULL,NULL,NULL,NULL,NULL,NULL,NULL,NULL,NULL,NULL,NULL,NULL,NULL,NULL
InputWindowChange,2021-05-13 13:21:34.0279,36907,fe5fc626256b64e28c699851cb9e6065,anonymous,NULL,NULL,NULL,NULL,Open,29,0.0000,0.0000,Running,0.1861,30,0.0000,0,0.0000,0,0.9667,0,0.0000,0,0.0000,0,0.0000,NA,NULL
Rest,2021-05-13 13:21:37.8128,37179,fe5fc626256b64e28c699851cb9e6065,anonymous,ReceivingData,0.2943,95,(0.945 0.856 0.400 0.422 0.448 0.390 0.372 0.294 ),NULL,NULL,NULL,NULL,NULL,NULL,NULL,NULL,NULL,NULL,NULL,NULL,NULL,NULL,NULL,NULL,NULL,NULL,NULL,NULL
MotorImagery,2021-05-13 13:21:38.8298,37252,fe5fc626256b64e28c699851cb9e6065,anonymous,ReceivingData,0.3773,96,(0.377 0.330 0.377 0.341 0.316 0.351 0.336 0.388 ),NULL,NULL,NULL,NULL,NULL,NULL,NULL,NULL,NULL,NULL,NULL,NULL,NULL,NULL,NULL,NULL,NULL,NULL,NULL,NULL
Rest,2021-05-13 13:21:38.8438,37253,fe5fc626256b64e28c699851cb9e6065,anonymous,ReceivingData,0.2319,96,(0.377 0.232 0.377 0.341 0.316 0.351 0.336 0.388 ),NULL,NULL,NULL,NULL,NULL,NULL,NULL,NULL,NULL,NULL,NULL,NULL,NULL,NULL,NULL,NULL,NULL,NULL,NULL,NULL
InputWindowChange,2021-05-13 13:21:39.0394,37267,fe5fc626256b64e28c699851cb9e6065,anonymous,NULL,NULL,NULL,NULL,Closed,29,0.0128,0.0000,Running,0.1861,30,0.0000,0,0.0000,0,0.9667,0,0.0000,0,0.0000,0,0.0000,NA,NULL
GameDecision,2021-05-13 13:21:39.0394,37267,fe5fc626256b64e28c699851cb9e6065,anonymous,NULL,NULL,NULL,NULL,Closed,29,0.0128,0.0000,Running,0.1861,30,0.0000,0,0.0000,0,1.0000,0,0.0000,0,0.0000,0,0.0000,RejInput,AccInput
GameStopped,2021-05-13 13:21:39.0534,37268,fe5fc626256b64e28c699851cb9e6065,anonymous,NULL,NULL,NULL,NULL,Closed,30,0.0000,0.0000,Stopped,0.1861,30,0.0000,0,0.0000,0,1.0000,0,0.0000,0,0.0000,0,0.0000,NA,NULL
