Event,Timestamp,Framecount,SessionID,Email,BCIState,InputWindow,InputWindowOrder,InterTrialTimer,InputWindowTimer,GameState,CurrentFabAlarm,AccInputTrialsLeft,AccInputRate,FabInputTrialsLeft,FabInputRate,RejInputTrialsLeft,RejInputRate,AssistSuccessTrialsLeft,AssistSuccessRate,AssistFailTrialsLeft,AssistFailRate,ExplicitShamTrialsLeft,ExplicitShamRate,TrialResult,BCIConfidence,InputNumber,BCIThresholdBuffer,TrialGoal
BCIStateUpdated,2020-11-26 13:30:36.3960,1,4acd356381354ef207b3ddf0c5d72814,anonymous,Connecting,NULL,NULL,NULL,NULL,NULL,NULL,NULL,NULL,NULL,NULL,NULL,NULL,NULL,NULL,NULL,NULL,NULL,NULL,NULL,NULL,NULL,NULL,NULL
BCIStateUpdated,2020-11-26 13:30:39.7533,8,4acd356381354ef207b3ddf0c5d72814,anonymous,ReceivingHeader,NULL,NULL,NULL,NULL,NULL,NULL,NULL,NULL,NULL,NULL,NULL,NULL,NULL,NULL,NULL,NULL,NULL,NULL,NULL,NULL,NULL,NULL,NULL
BCIStateUpdated,2020-11-26 13:30:39.8303,12,4acd356381354ef207b3ddf0c5d72814,anonymous,ReceivingData,NULL,NULL,NULL,NULL,NULL,NULL,NULL,NULL,NULL,NULL,NULL,NULL,NULL,NULL,NULL,NULL,NULL,NULL,NULL,NULL,NULL,NULL,NULL
GameRunning,2020-11-26 13:30:56.8684,1234,4acd356381354ef207b3ddf0c5d72814,anonymous,NULL,Closed,0,0.0000,0.0000,Running,0.0000,30,0.0000,0,0.0000,0,0.0000,0,0.0000,0,0.0000,0,0.0000,NA,NULL,NULL,NULL,NULL
MotorImagery,2020-11-26 13:31:01.4270,1560,4acd356381354ef207b3ddf0c5d72814,anonymous,ReceivingData,NULL,NULL,NULL,NULL,NULL,NULL,NULL,NULL,NULL,NULL,NULL,NULL,NULL,NULL,NULL,NULL,NULL,NULL,NULL,0.7155,1,(0.716 0.727 0.730 0.747 0.744 0.735 0.730 0.728 ),NULL
Rest,2020-11-26 13:31:01.5793,1571,4acd356381354ef207b3ddf0c5d72814,anonymous,ReceivingData,NULL,NULL,NULL,NULL,NULL,NULL,NULL,NULL,NULL,NULL,NULL,NULL,NULL,NULL,NULL,NULL,NULL,NULL,NULL,0.6876,1,(0.716 0.731 0.728 0.705 0.688 0.735 0.730 0.728 ),NULL
MotorImagery,2020-11-26 13:31:07.3317,1984,4acd356381354ef207b3ddf0c5d72814,anonymous,ReceivingData,NULL,NULL,NULL,NULL,NULL,NULL,NULL,NULL,NULL,NULL,NULL,NULL,NULL,NULL,NULL,NULL,NULL,NULL,NULL,0.7287,2,(0.728 0.745 0.737 0.721 0.729 0.712 0.726 0.727 ),NULL
Rest,2020-11-26 13:31:07.4427,1992,4acd356381354ef207b3ddf0c5d72814,anonymous,ReceivingData,NULL,NULL,NULL,NULL,NULL,NULL,NULL,NULL,NULL,NULL,NULL,NULL,NULL,NULL,NULL,NULL,NULL,NULL,NULL,0.6754,2,(0.728 0.745 0.737 0.721 0.729 0.719 0.675 0.727 ),NULL
InputWindowChange,2020-11-26 13:31:08.8499,2093,4acd356381354ef207b3ddf0c5d72814,anonymous,NULL,Open,0,0.0000,0.0000,Running,1.9219,30,0.0000,0,0.0000,0,0.0000,0,0.0000,0,0.0000,0,0.0000,NA,NULL,NULL,NULL,NULL
MotorImagery,2020-11-26 13:31:11.1604,2259,4acd356381354ef207b3ddf0c5d72814,anonymous,ReceivingData,NULL,NULL,NULL,NULL,NULL,NULL,NULL,NULL,NULL,NULL,NULL,NULL,NULL,NULL,NULL,NULL,NULL,NULL,NULL,0.7526,3,(0.729 0.730 0.742 0.753 0.701 0.708 0.725 0.723 ),NULL
InputWindowChange,2020-11-26 13:31:11.1604,2259,4acd356381354ef207b3ddf0c5d72814,anonymous,NULL,Closed,0,-3.6890,0.0000,Running,1.9219,30,0.0000,0,0.0000,0,0.0000,0,0.0000,0,0.0000,0,0.0000,NA,NULL,NULL,NULL,NULL
GameDecision,2020-11-26 13:31:11.1638,2259,4acd356381354ef207b3ddf0c5d72814,anonymous,NULL,Closed,0,-3.6890,0.0000,Running,1.9219,29,0.0333,0,0.0000,0,0.0000,0,0.0000,0,0.0000,0,0.0000,AccInput,NULL,NULL,NULL,AccInput
Rest,2020-11-26 13:31:13.1792,2403,4acd356381354ef207b3ddf0c5d72814,anonymous,ReceivingData,NULL,NULL,NULL,NULL,NULL,NULL,NULL,NULL,NULL,NULL,NULL,NULL,NULL,NULL,NULL,NULL,NULL,NULL,NULL,0.6838,3,(0.787 0.777 0.759 0.766 0.724 0.684 0.795 0.793 ),NULL
MotorImagery,2020-11-26 13:31:23.2873,3122,4acd356381354ef207b3ddf0c5d72814,anonymous,ReceivingData,NULL,NULL,NULL,NULL,NULL,NULL,NULL,NULL,NULL,NULL,NULL,NULL,NULL,NULL,NULL,NULL,NULL,NULL,NULL,0.7356,4,(0.711 0.704 0.715 0.733 0.742 0.736 0.722 0.719 ),NULL
Rest,2020-11-26 13:31:23.3012,3123,4acd356381354ef207b3ddf0c5d72814,anonymous,ReceivingData,NULL,NULL,NULL,NULL,NULL,NULL,NULL,NULL,NULL,NULL,NULL,NULL,NULL,NULL,NULL,NULL,NULL,NULL,NULL,0.6968,4,(0.711 0.704 0.715 0.733 0.742 0.736 0.697 0.719 ),NULL
MotorImagery,2020-11-26 13:31:24.8192,3232,4acd356381354ef207b3ddf0c5d72814,anonymous,ReceivingData,NULL,NULL,NULL,NULL,NULL,NULL,NULL,NULL,NULL,NULL,NULL,NULL,NULL,NULL,NULL,NULL,NULL,NULL,NULL,0.7882,5,(0.718 0.752 0.790 0.805 0.830 0.827 0.816 0.788 ),NULL
Rest,2020-11-26 13:31:25.2081,3260,4acd356381354ef207b3ddf0c5d72814,anonymous,ReceivingData,NULL,NULL,NULL,NULL,NULL,NULL,NULL,NULL,NULL,NULL,NULL,NULL,NULL,NULL,NULL,NULL,NULL,NULL,NULL,0.6756,5,(0.772 0.753 0.747 0.743 0.724 0.707 0.676 0.788 ),NULL
InputWindowChange,2020-11-26 13:31:26.8527,3378,4acd356381354ef207b3ddf0c5d72814,anonymous,NULL,Open,1,0.0000,0.0000,Running,2.9249,29,0.0333,0,0.0000,0,0.0000,0,0.0000,0,0.0000,0,0.0000,NA,NULL,NULL,NULL,NULL
InputWindowChange,2020-11-26 13:31:32.8529,3809,4acd356381354ef207b3ddf0c5d72814,anonymous,NULL,Closed,1,0.0004,0.0000,Running,2.9249,29,0.0333,0,0.0000,0,0.0000,0,0.0000,0,0.0000,0,0.0000,NA,NULL,NULL,NULL,NULL
GameDecision,2020-11-26 13:31:32.8554,3809,4acd356381354ef207b3ddf0c5d72814,anonymous,NULL,Closed,1,0.0004,0.0000,Running,2.9249,29,0.0333,0,0.0000,0,0.0333,0,0.0000,0,0.0000,0,0.0000,RejInput,NULL,NULL,NULL,AccInput
MotorImagery,2020-11-26 13:31:42.7252,4518,4acd356381354ef207b3ddf0c5d72814,anonymous,ReceivingData,NULL,NULL,NULL,NULL,NULL,NULL,NULL,NULL,NULL,NULL,NULL,NULL,NULL,NULL,NULL,NULL,NULL,NULL,NULL,0.7886,6,(0.806 0.784 0.789 0.706 0.759 0.835 0.842 0.832 ),NULL
Rest,2020-11-26 13:31:43.4776,4572,4acd356381354ef207b3ddf0c5d72814,anonymous,ReceivingData,NULL,NULL,NULL,NULL,NULL,NULL,NULL,NULL,NULL,NULL,NULL,NULL,NULL,NULL,NULL,NULL,NULL,NULL,NULL,0.6580,6,(0.759 0.794 0.775 0.781 0.757 0.700 0.658 0.755 ),NULL
InputWindowChange,2020-11-26 13:31:44.8556,4671,4acd356381354ef207b3ddf0c5d72814,anonymous,NULL,Open,2,0.0000,0.0000,Running,4.5879,29,0.0333,0,0.0000,0,0.0333,0,0.0000,0,0.0000,0,0.0000,NA,NULL,NULL,NULL,NULL
MotorImagery,2020-11-26 13:31:47.8352,4885,4acd356381354ef207b3ddf0c5d72814,anonymous,ReceivingData,NULL,NULL,NULL,NULL,NULL,NULL,NULL,NULL,NULL,NULL,NULL,NULL,NULL,NULL,NULL,NULL,NULL,NULL,NULL,0.7828,7,(0.783 0.713 0.708 0.712 0.713 0.738 0.727 0.766 ),NULL
InputWindowChange,2020-11-26 13:31:47.8352,4885,4acd356381354ef207b3ddf0c5d72814,anonymous,NULL,Closed,2,-3.0204,0.0000,Running,4.5879,29,0.0333,0,0.0000,0,0.0333,0,0.0000,0,0.0000,0,0.0000,NA,NULL,NULL,NULL,NULL
GameDecision,2020-11-26 13:31:47.8362,4885,4acd356381354ef207b3ddf0c5d72814,anonymous,NULL,Closed,2,-3.0204,0.0000,Running,4.5879,28,0.0667,0,0.0000,0,0.0333,0,0.0000,0,0.0000,0,0.0000,AccInput,NULL,NULL,NULL,AccInput
Rest,2020-11-26 13:31:49.1033,4976,4acd356381354ef207b3ddf0c5d72814,anonymous,ReceivingData,NULL,NULL,NULL,NULL,NULL,NULL,NULL,NULL,NULL,NULL,NULL,NULL,NULL,NULL,NULL,NULL,NULL,NULL,NULL,0.6881,7,(0.749 0.728 0.713 0.708 0.688 0.741 0.752 0.755 ),NULL
MotorImagery,2020-11-26 13:31:53.5728,5296,4acd356381354ef207b3ddf0c5d72814,anonymous,ReceivingData,NULL,NULL,NULL,NULL,NULL,NULL,NULL,NULL,NULL,NULL,NULL,NULL,NULL,NULL,NULL,NULL,NULL,NULL,NULL,0.8030,8,(0.743 0.759 0.761 0.768 0.799 0.801 0.776 0.803 ),NULL
Rest,2020-11-26 13:31:54.0876,5333,4acd356381354ef207b3ddf0c5d72814,anonymous,ReceivingData,NULL,NULL,NULL,NULL,NULL,NULL,NULL,NULL,NULL,NULL,NULL,NULL,NULL,NULL,NULL,NULL,NULL,NULL,NULL,0.6964,8,(0.696 0.779 0.782 0.768 0.746 0.707 0.733 0.725 ),NULL
InputWindowChange,2020-11-26 13:32:02.8598,5963,4acd356381354ef207b3ddf0c5d72814,anonymous,NULL,Open,3,0.0000,0.0000,Running,4.5689,28,0.0667,0,0.0000,0,0.0333,0,0.0000,0,0.0000,0,0.0000,NA,NULL,NULL,NULL,NULL
MotorImagery,2020-11-26 13:32:08.5125,6368,4acd356381354ef207b3ddf0c5d72814,anonymous,ReceivingData,NULL,NULL,NULL,NULL,NULL,NULL,NULL,NULL,NULL,NULL,NULL,NULL,NULL,NULL,NULL,NULL,NULL,NULL,NULL,0.7885,9,(0.789 0.701 0.711 0.726 0.726 0.744 0.757 0.771 ),NULL
InputWindowChange,2020-11-26 13:32:08.5125,6368,4acd356381354ef207b3ddf0c5d72814,anonymous,NULL,Closed,3,-0.3460,0.0000,Running,4.5689,28,0.0667,0,0.0000,0,0.0333,0,0.0000,0,0.0000,0,0.0000,NA,NULL,NULL,NULL,NULL
GameDecision,2020-11-26 13:32:08.5135,6368,4acd356381354ef207b3ddf0c5d72814,anonymous,NULL,Closed,3,-0.3460,0.0000,Running,4.5689,27,0.1000,0,0.0000,0,0.0333,0,0.0000,0,0.0000,0,0.0000,AccInput,NULL,NULL,NULL,AccInput
Rest,2020-11-26 13:32:09.5425,6442,4acd356381354ef207b3ddf0c5d72814,anonymous,ReceivingData,NULL,NULL,NULL,NULL,NULL,NULL,NULL,NULL,NULL,NULL,NULL,NULL,NULL,NULL,NULL,NULL,NULL,NULL,NULL,0.6954,9,(0.716 0.708 0.695 0.761 0.770 0.748 0.735 0.735 ),NULL
MotorImagery,2020-11-26 13:32:19.3731,7147,4acd356381354ef207b3ddf0c5d72814,anonymous,ReceivingData,NULL,NULL,NULL,NULL,NULL,NULL,NULL,NULL,NULL,NULL,NULL,NULL,NULL,NULL,NULL,NULL,NULL,NULL,NULL,0.7284,10,(0.762 0.781 0.789 0.749 0.750 0.768 0.728 0.725 ),NULL
Rest,2020-11-26 13:32:19.9024,7185,4acd356381354ef207b3ddf0c5d72814,anonymous,ReceivingData,NULL,NULL,NULL,NULL,NULL,NULL,NULL,NULL,NULL,NULL,NULL,NULL,NULL,NULL,NULL,NULL,NULL,NULL,NULL,0.6638,10,(0.728 0.724 0.732 0.721 0.728 0.733 0.707 0.664 ),NULL
InputWindowChange,2020-11-26 13:32:20.8628,7254,4acd356381354ef207b3ddf0c5d72814,anonymous,NULL,Open,4,0.0000,0.0000,Running,2.8683,27,0.1000,0,0.0000,0,0.0333,0,0.0000,0,0.0000,0,0.0000,NA,NULL,NULL,NULL,NULL
MotorImagery,2020-11-26 13:32:21.5452,7303,4acd356381354ef207b3ddf0c5d72814,anonymous,ReceivingData,NULL,NULL,NULL,NULL,NULL,NULL,NULL,NULL,NULL,NULL,NULL,NULL,NULL,NULL,NULL,NULL,NULL,NULL,NULL,0.7424,11,(0.745 0.734 0.742 0.716 0.734 0.742 0.735 0.754 ),NULL
InputWindowChange,2020-11-26 13:32:21.5452,7303,4acd356381354ef207b3ddf0c5d72814,anonymous,NULL,Closed,4,-5.3174,0.0000,Running,2.8683,27,0.1000,0,0.0000,0,0.0333,0,0.0000,0,0.0000,0,0.0000,NA,NULL,NULL,NULL,NULL
GameDecision,2020-11-26 13:32:21.5462,7303,4acd356381354ef207b3ddf0c5d72814,anonymous,NULL,Closed,4,-5.3174,0.0000,Running,2.8683,26,0.1333,0,0.0000,0,0.0333,0,0.0000,0,0.0000,0,0.0000,AccInput,NULL,NULL,NULL,AccInput
Rest,2020-11-26 13:32:21.7958,7321,4acd356381354ef207b3ddf0c5d72814,anonymous,ReceivingData,NULL,NULL,NULL,NULL,NULL,NULL,NULL,NULL,NULL,NULL,NULL,NULL,NULL,NULL,NULL,NULL,NULL,NULL,NULL,0.6959,11,(0.745 0.734 0.742 0.740 0.747 0.733 0.696 0.754 ),NULL
MotorImagery,2020-11-26 13:32:22.4370,7367,4acd356381354ef207b3ddf0c5d72814,anonymous,ReceivingData,NULL,NULL,NULL,NULL,NULL,NULL,NULL,NULL,NULL,NULL,NULL,NULL,NULL,NULL,NULL,NULL,NULL,NULL,NULL,0.7699,12,(0.774 0.770 0.733 0.785 0.780 0.783 0.796 0.773 ),NULL
Rest,2020-11-26 13:32:22.8412,7396,4acd356381354ef207b3ddf0c5d72814,anonymous,ReceivingData,NULL,NULL,NULL,NULL,NULL,NULL,NULL,NULL,NULL,NULL,NULL,NULL,NULL,NULL,NULL,NULL,NULL,NULL,NULL,0.6903,12,(0.690 0.770 0.778 0.768 0.763 0.750 0.729 0.727 ),NULL
MotorImagery,2020-11-26 13:32:31.6405,8027,4acd356381354ef207b3ddf0c5d72814,anonymous,ReceivingData,NULL,NULL,NULL,NULL,NULL,NULL,NULL,NULL,NULL,NULL,NULL,NULL,NULL,NULL,NULL,NULL,NULL,NULL,NULL,0.7457,13,(0.769 0.762 0.746 0.730 0.748 0.746 0.754 0.763 ),NULL
Rest,2020-11-26 13:32:31.8911,8045,4acd356381354ef207b3ddf0c5d72814,anonymous,ReceivingData,NULL,NULL,NULL,NULL,NULL,NULL,NULL,NULL,NULL,NULL,NULL,NULL,NULL,NULL,NULL,NULL,NULL,NULL,NULL,0.6549,13,(0.769 0.762 0.746 0.713 0.713 0.716 0.707 0.655 ),NULL
MotorImagery,2020-11-26 13:32:34.5784,8237,4acd356381354ef207b3ddf0c5d72814,anonymous,ReceivingData,NULL,NULL,NULL,NULL,NULL,NULL,NULL,NULL,NULL,NULL,NULL,NULL,NULL,NULL,NULL,NULL,NULL,NULL,NULL,0.8012,14,(0.769 0.774 0.796 0.801 0.735 0.760 0.770 0.764 ),NULL
Rest,2020-11-26 13:32:36.6244,8384,4acd356381354ef207b3ddf0c5d72814,anonymous,ReceivingData,NULL,NULL,NULL,NULL,NULL,NULL,NULL,NULL,NULL,NULL,NULL,NULL,NULL,NULL,NULL,NULL,NULL,NULL,NULL,0.6905,14,(0.749 0.732 0.739 0.747 0.744 0.734 0.691 0.737 ),NULL
MotorImagery,2020-11-26 13:32:37.1400,8421,4acd356381354ef207b3ddf0c5d72814,anonymous,ReceivingData,NULL,NULL,NULL,NULL,NULL,NULL,NULL,NULL,NULL,NULL,NULL,NULL,NULL,NULL,NULL,NULL,NULL,NULL,NULL,0.7038,15,(0.728 0.722 0.718 0.723 0.718 0.757 0.704 0.730 ),NULL
Rest,2020-11-26 13:32:37.2650,8430,4acd356381354ef207b3ddf0c5d72814,anonymous,ReceivingData,NULL,NULL,NULL,NULL,NULL,NULL,NULL,NULL,NULL,NULL,NULL,NULL,NULL,NULL,NULL,NULL,NULL,NULL,NULL,0.6971,15,(0.697 0.722 0.718 0.723 0.718 0.757 0.704 0.723 ),NULL
InputWindowChange,2020-11-26 13:32:38.8664,8545,4acd356381354ef207b3ddf0c5d72814,anonymous,NULL,Open,5,0.0000,0.0000,Running,1.5541,26,0.1333,0,0.0000,0,0.0333,0,0.0000,0,0.0000,0,0.0000,NA,NULL,NULL,NULL,NULL
MotorImagery,2020-11-26 13:32:43.7960,8898,4acd356381354ef207b3ddf0c5d72814,anonymous,ReceivingData,NULL,NULL,NULL,NULL,NULL,NULL,NULL,NULL,NULL,NULL,NULL,NULL,NULL,NULL,NULL,NULL,NULL,NULL,NULL,0.7003,16,(0.720 0.749 0.753 0.747 0.738 0.744 0.700 0.706 ),NULL
InputWindowChange,2020-11-26 13:32:43.7960,8898,4acd356381354ef207b3ddf0c5d72814,anonymous,NULL,Closed,5,-1.0707,0.0000,Running,1.5541,26,0.1333,0,0.0000,0,0.0333,0,0.0000,0,0.0000,0,0.0000,NA,NULL,NULL,NULL,NULL
GameDecision,2020-11-26 13:32:43.7970,8898,4acd356381354ef207b3ddf0c5d72814,anonymous,NULL,Closed,5,-1.0707,0.0000,Running,1.5541,25,0.1667,0,0.0000,0,0.0333,0,0.0000,0,0.0000,0,0.0000,AccInput,NULL,NULL,NULL,AccInput
Rest,2020-11-26 13:32:43.9068,8906,4acd356381354ef207b3ddf0c5d72814,anonymous,ReceivingData,NULL,NULL,NULL,NULL,NULL,NULL,NULL,NULL,NULL,NULL,NULL,NULL,NULL,NULL,NULL,NULL,NULL,NULL,NULL,0.6797,16,(0.720 0.749 0.753 0.747 0.738 0.744 0.700 0.680 ),NULL
MotorImagery,2020-11-26 13:32:48.7666,9255,4acd356381354ef207b3ddf0c5d72814,anonymous,ReceivingData,NULL,NULL,NULL,NULL,NULL,NULL,NULL,NULL,NULL,NULL,NULL,NULL,NULL,NULL,NULL,NULL,NULL,NULL,NULL,0.7187,17,(0.719 0.711 0.706 0.729 0.766 0.752 0.744 0.725 ),NULL
Rest,2020-11-26 13:32:48.8917,9264,4acd356381354ef207b3ddf0c5d72814,anonymous,ReceivingData,NULL,NULL,NULL,NULL,NULL,NULL,NULL,NULL,NULL,NULL,NULL,NULL,NULL,NULL,NULL,NULL,NULL,NULL,NULL,0.6411,17,(0.719 0.704 0.641 0.729 0.766 0.752 0.744 0.725 ),NULL
MotorImagery,2020-11-26 13:32:52.8597,9549,4acd356381354ef207b3ddf0c5d72814,anonymous,ReceivingData,NULL,NULL,NULL,NULL,NULL,NULL,NULL,NULL,NULL,NULL,NULL,NULL,NULL,NULL,NULL,NULL,NULL,NULL,NULL,0.7470,18,(0.742 0.763 0.757 0.756 0.740 0.753 0.747 0.711 ),NULL
Rest,2020-11-26 13:32:53.1244,9568,4acd356381354ef207b3ddf0c5d72814,anonymous,ReceivingData,NULL,NULL,NULL,NULL,NULL,NULL,NULL,NULL,NULL,NULL,NULL,NULL,NULL,NULL,NULL,NULL,NULL,NULL,NULL,0.6848,18,(0.741 0.714 0.685 0.756 0.740 0.753 0.747 0.757 ),NULL
InputWindowChange,2020-11-26 13:32:56.8712,9835,4acd356381354ef207b3ddf0c5d72814,anonymous,NULL,Open,6,0.0000,0.0000,Running,2.6171,25,0.1667,0,0.0000,0,0.0333,0,0.0000,0,0.0000,0,0.0000,NA,NULL,NULL,NULL,NULL
MotorImagery,2020-11-26 13:33:00.6710,10108,4acd356381354ef207b3ddf0c5d72814,anonymous,ReceivingData,NULL,NULL,NULL,NULL,NULL,NULL,NULL,NULL,NULL,NULL,NULL,NULL,NULL,NULL,NULL,NULL,NULL,NULL,NULL,0.7119,19,(0.712 0.712 0.721 0.715 0.715 0.727 0.735 0.711 ),NULL
InputWindowChange,2020-11-26 13:33:00.6710,10108,4acd356381354ef207b3ddf0c5d72814,anonymous,NULL,Closed,6,-2.1985,0.0000,Running,2.6171,25,0.1667,0,0.0000,0,0.0333,0,0.0000,0,0.0000,0,0.0000,NA,NULL,NULL,NULL,NULL
GameDecision,2020-11-26 13:33:00.6720,10108,4acd356381354ef207b3ddf0c5d72814,anonymous,NULL,Closed,6,-2.1985,0.0000,Running,2.6171,24,0.2000,0,0.0000,0,0.0333,0,0.0000,0,0.0000,0,0.0000,AccInput,NULL,NULL,NULL,AccInput
Rest,2020-11-26 13:33:01.8133,10190,4acd356381354ef207b3ddf0c5d72814,anonymous,ReceivingData,NULL,NULL,NULL,NULL,NULL,NULL,NULL,NULL,NULL,NULL,NULL,NULL,NULL,NULL,NULL,NULL,NULL,NULL,NULL,0.6761,19,(0.762 0.726 0.701 0.676 0.812 0.800 0.785 0.752 ),NULL
MotorImagery,2020-11-26 13:33:09.6107,10748,4acd356381354ef207b3ddf0c5d72814,anonymous,ReceivingData,NULL,NULL,NULL,NULL,NULL,NULL,NULL,NULL,NULL,NULL,NULL,NULL,NULL,NULL,NULL,NULL,NULL,NULL,NULL,0.7639,20,(0.730 0.742 0.734 0.752 0.755 0.764 0.725 0.732 ),NULL
Rest,2020-11-26 13:33:10.1246,10785,4acd356381354ef207b3ddf0c5d72814,anonymous,ReceivingData,NULL,NULL,NULL,NULL,NULL,NULL,NULL,NULL,NULL,NULL,NULL,NULL,NULL,NULL,NULL,NULL,NULL,NULL,NULL,0.6958,20,(0.727 0.724 0.727 0.718 0.741 0.713 0.696 0.737 ),NULL
MotorImagery,2020-11-26 13:33:12.4088,10949,4acd356381354ef207b3ddf0c5d72814,anonymous,ReceivingData,NULL,NULL,NULL,NULL,NULL,NULL,NULL,NULL,NULL,NULL,NULL,NULL,NULL,NULL,NULL,NULL,NULL,NULL,NULL,0.7453,21,(0.750 0.740 0.764 0.745 0.705 0.706 0.724 0.713 ),NULL
Rest,2020-11-26 13:33:12.5343,10958,4acd356381354ef207b3ddf0c5d72814,anonymous,ReceivingData,NULL,NULL,NULL,NULL,NULL,NULL,NULL,NULL,NULL,NULL,NULL,NULL,NULL,NULL,NULL,NULL,NULL,NULL,NULL,0.6933,21,(0.750 0.740 0.764 0.745 0.706 0.693 0.724 0.713 ),NULL
MotorImagery,2020-11-26 13:33:13.8439,11052,4acd356381354ef207b3ddf0c5d72814,anonymous,ReceivingData,NULL,NULL,NULL,NULL,NULL,NULL,NULL,NULL,NULL,NULL,NULL,NULL,NULL,NULL,NULL,NULL,NULL,NULL,NULL,0.7762,22,(0.770 0.767 0.779 0.775 0.776 0.709 0.738 0.746 ),NULL
InputWindowChange,2020-11-26 13:33:14.8749,11126,4acd356381354ef207b3ddf0c5d72814,anonymous,NULL,Open,7,0.0000,0.0000,Running,1.3978,24,0.2000,0,0.0000,0,0.0333,0,0.0000,0,0.0000,0,0.0000,NA,NULL,NULL,NULL,NULL
Rest,2020-11-26 13:33:15.4860,11169,4acd356381354ef207b3ddf0c5d72814,anonymous,ReceivingData,NULL,NULL,NULL,NULL,NULL,NULL,NULL,NULL,NULL,NULL,NULL,NULL,NULL,NULL,NULL,NULL,NULL,NULL,NULL,0.6796,22,(0.721 0.725 0.720 0.737 0.748 0.732 0.701 0.680 ),NULL
MotorImagery,2020-11-26 13:33:16.0012,11206,4acd356381354ef207b3ddf0c5d72814,anonymous,ReceivingData,NULL,NULL,NULL,NULL,NULL,NULL,NULL,NULL,NULL,NULL,NULL,NULL,NULL,NULL,NULL,NULL,NULL,NULL,NULL,0.7478,23,(0.748 0.729 0.746 0.738 0.748 0.755 0.761 0.737 ),NULL
InputWindowChange,2020-11-26 13:33:16.0022,11206,4acd356381354ef207b3ddf0c5d72814,anonymous,NULL,Closed,7,-4.8718,0.0000,Running,1.3978,24,0.2000,0,0.0000,0,0.0333,0,0.0000,0,0.0000,0,0.0000,NA,NULL,NULL,NULL,NULL
GameDecision,2020-11-26 13:33:16.0027,11206,4acd356381354ef207b3ddf0c5d72814,anonymous,NULL,Closed,7,-4.8718,0.0000,Running,1.3978,23,0.2333,0,0.0000,0,0.0333,0,0.0000,0,0.0000,0,0.0000,AccInput,NULL,NULL,NULL,AccInput
Rest,2020-11-26 13:33:16.8793,11269,4acd356381354ef207b3ddf0c5d72814,anonymous,ReceivingData,NULL,NULL,NULL,NULL,NULL,NULL,NULL,NULL,NULL,NULL,NULL,NULL,NULL,NULL,NULL,NULL,NULL,NULL,NULL,0.6879,23,(0.776 0.767 0.754 0.720 0.713 0.702 0.688 0.790 ),NULL
MotorImagery,2020-11-26 13:33:23.9243,11773,4acd356381354ef207b3ddf0c5d72814,anonymous,ReceivingData,NULL,NULL,NULL,NULL,NULL,NULL,NULL,NULL,NULL,NULL,NULL,NULL,NULL,NULL,NULL,NULL,NULL,NULL,NULL,0.8120,24,(0.761 0.789 0.788 0.797 0.812 0.717 0.736 0.750 ),NULL
Rest,2020-11-26 13:33:26.7371,11975,4acd356381354ef207b3ddf0c5d72814,anonymous,ReceivingData,NULL,NULL,NULL,NULL,NULL,NULL,NULL,NULL,NULL,NULL,NULL,NULL,NULL,NULL,NULL,NULL,NULL,NULL,NULL,0.6932,24,(0.734 0.742 0.748 0.693 0.774 0.759 0.745 0.716 ),NULL
MotorImagery,2020-11-26 13:33:30.7047,12260,4acd356381354ef207b3ddf0c5d72814,anonymous,ReceivingData,NULL,NULL,NULL,NULL,NULL,NULL,NULL,NULL,NULL,NULL,NULL,NULL,NULL,NULL,NULL,NULL,NULL,NULL,NULL,0.7942,25,(0.717 0.772 0.758 0.771 0.781 0.794 0.702 0.740 ),NULL
Rest,2020-11-26 13:33:31.3323,12304,4acd356381354ef207b3ddf0c5d72814,anonymous,ReceivingData,NULL,NULL,NULL,NULL,NULL,NULL,NULL,NULL,NULL,NULL,NULL,NULL,NULL,NULL,NULL,NULL,NULL,NULL,NULL,0.6666,25,(0.741 0.760 0.757 0.724 0.744 0.735 0.725 0.667 ),NULL
InputWindowChange,2020-11-26 13:33:32.8773,12415,4acd356381354ef207b3ddf0c5d72814,anonymous,NULL,Open,8,0.0000,0.0000,Running,4.3252,23,0.2333,0,0.0000,0,0.0333,0,0.0000,0,0.0000,0,0.0000,NA,NULL,NULL,NULL,NULL
InputWindowChange,2020-11-26 13:33:38.8926,12847,4acd356381354ef207b3ddf0c5d72814,anonymous,NULL,Closed,8,0.0149,0.0000,Running,4.3252,23,0.2333,0,0.0000,0,0.0333,0,0.0000,0,0.0000,0,0.0000,NA,NULL,NULL,NULL,NULL
GameDecision,2020-11-26 13:33:38.8935,12847,4acd356381354ef207b3ddf0c5d72814,anonymous,NULL,Closed,8,0.0149,0.0000,Running,4.3252,23,0.2333,0,0.0000,0,0.0667,0,0.0000,0,0.0000,0,0.0000,RejInput,NULL,NULL,NULL,AccInput
MotorImagery,2020-11-26 13:33:44.5042,13249,4acd356381354ef207b3ddf0c5d72814,anonymous,ReceivingData,NULL,NULL,NULL,NULL,NULL,NULL,NULL,NULL,NULL,NULL,NULL,NULL,NULL,NULL,NULL,NULL,NULL,NULL,NULL,0.7001,26,(0.700 0.734 0.725 0.700 0.719 0.723 0.721 0.716 ),NULL
Rest,2020-11-26 13:33:44.5177,13250,4acd356381354ef207b3ddf0c5d72814,anonymous,ReceivingData,NULL,NULL,NULL,NULL,NULL,NULL,NULL,NULL,NULL,NULL,NULL,NULL,NULL,NULL,NULL,NULL,NULL,NULL,NULL,0.6855,26,(0.700 0.734 0.725 0.700 0.685 0.723 0.721 0.716 ),NULL
MotorImagery,2020-11-26 13:33:48.7231,13550,4acd356381354ef207b3ddf0c5d72814,anonymous,ReceivingData,NULL,NULL,NULL,NULL,NULL,NULL,NULL,NULL,NULL,NULL,NULL,NULL,NULL,NULL,NULL,NULL,NULL,NULL,NULL,0.7191,27,(0.762 0.775 0.719 0.719 0.733 0.748 0.743 0.758 ),NULL
Rest,2020-11-26 13:33:48.8342,13558,4acd356381354ef207b3ddf0c5d72814,anonymous,ReceivingData,NULL,NULL,NULL,NULL,NULL,NULL,NULL,NULL,NULL,NULL,NULL,NULL,NULL,NULL,NULL,NULL,NULL,NULL,NULL,0.6679,27,(0.762 0.775 0.719 0.668 0.733 0.748 0.743 0.758 ),NULL
InputWindowChange,2020-11-26 13:33:50.8813,13705,4acd356381354ef207b3ddf0c5d72814,anonymous,NULL,Open,9,0.0000,0.0000,Running,1.4022,23,0.2333,0,0.0000,0,0.0667,0,0.0000,0,0.0000,0,0.0000,NA,NULL,NULL,NULL,NULL
MotorImagery,2020-11-26 13:33:51.1317,13723,4acd356381354ef207b3ddf0c5d72814,anonymous,ReceivingData,NULL,NULL,NULL,NULL,NULL,NULL,NULL,NULL,NULL,NULL,NULL,NULL,NULL,NULL,NULL,NULL,NULL,NULL,NULL,0.7542,28,(0.754 0.754 0.724 0.768 0.811 0.791 0.777 0.765 ),NULL
InputWindowChange,2020-11-26 13:33:51.1317,13723,4acd356381354ef207b3ddf0c5d72814,anonymous,NULL,Closed,9,-5.7489,0.0000,Running,1.4022,23,0.2333,0,0.0000,0,0.0667,0,0.0000,0,0.0000,0,0.0000,NA,NULL,NULL,NULL,NULL
GameDecision,2020-11-26 13:33:51.1317,13723,4acd356381354ef207b3ddf0c5d72814,anonymous,NULL,Closed,9,-5.7489,0.0000,Running,1.4022,22,0.2667,0,0.0000,0,0.0667,0,0.0000,0,0.0000,0,0.0000,AccInput,NULL,NULL,NULL,AccInput
Rest,2020-11-26 13:33:51.5216,13751,4acd356381354ef207b3ddf0c5d72814,anonymous,ReceivingData,NULL,NULL,NULL,NULL,NULL,NULL,NULL,NULL,NULL,NULL,NULL,NULL,NULL,NULL,NULL,NULL,NULL,NULL,NULL,0.6873,28,(0.687 0.754 0.787 0.795 0.783 0.757 0.701 0.706 ),NULL
MotorImagery,2020-11-26 13:33:56.5198,14109,4acd356381354ef207b3ddf0c5d72814,anonymous,ReceivingData,NULL,NULL,NULL,NULL,NULL,NULL,NULL,NULL,NULL,NULL,NULL,NULL,NULL,NULL,NULL,NULL,NULL,NULL,NULL,0.7815,29,(0.790 0.791 0.783 0.779 0.781 0.730 0.735 0.763 ),NULL
Rest,2020-11-26 13:33:57.9123,14209,4acd356381354ef207b3ddf0c5d72814,anonymous,ReceivingData,NULL,NULL,NULL,NULL,NULL,NULL,NULL,NULL,NULL,NULL,NULL,NULL,NULL,NULL,NULL,NULL,NULL,NULL,NULL,0.6719,29,(0.710 0.701 0.672 0.718 0.726 0.714 0.722 0.708 ),NULL
MotorImagery,2020-11-26 13:33:59.5836,14328,4acd356381354ef207b3ddf0c5d72814,anonymous,ReceivingData,NULL,NULL,NULL,NULL,NULL,NULL,NULL,NULL,NULL,NULL,NULL,NULL,NULL,NULL,NULL,NULL,NULL,NULL,NULL,0.7607,30,(0.701 0.707 0.726 0.729 0.730 0.748 0.747 0.761 ),NULL
Rest,2020-11-26 13:34:00.3354,14382,4acd356381354ef207b3ddf0c5d72814,anonymous,ReceivingData,NULL,NULL,NULL,NULL,NULL,NULL,NULL,NULL,NULL,NULL,NULL,NULL,NULL,NULL,NULL,NULL,NULL,NULL,NULL,0.6842,30,(0.746 0.736 0.707 0.684 0.790 0.762 0.776 0.751 ),NULL
MotorImagery,2020-11-26 13:34:03.8020,14631,4acd356381354ef207b3ddf0c5d72814,anonymous,ReceivingData,NULL,NULL,NULL,NULL,NULL,NULL,NULL,NULL,NULL,NULL,NULL,NULL,NULL,NULL,NULL,NULL,NULL,NULL,NULL,0.7520,31,(0.716 0.725 0.727 0.724 0.742 0.749 0.752 0.707 ),NULL
Rest,2020-11-26 13:34:04.8182,14704,4acd356381354ef207b3ddf0c5d72814,anonymous,ReceivingData,NULL,NULL,NULL,NULL,NULL,NULL,NULL,NULL,NULL,NULL,NULL,NULL,NULL,NULL,NULL,NULL,NULL,NULL,NULL,0.6745,31,(0.775 0.769 0.759 0.764 0.739 0.709 0.702 0.675 ),NULL
InputWindowChange,2020-11-26 13:34:08.8845,14995,4acd356381354ef207b3ddf0c5d72814,anonymous,NULL,Open,10,0.0000,0.0000,Running,1.9535,22,0.2667,0,0.0000,0,0.0667,0,0.0000,0,0.0000,0,0.0000,NA,NULL,NULL,NULL,NULL
MotorImagery,2020-11-26 13:34:10.6806,15123,4acd356381354ef207b3ddf0c5d72814,anonymous,ReceivingData,NULL,NULL,NULL,NULL,NULL,NULL,NULL,NULL,NULL,NULL,NULL,NULL,NULL,NULL,NULL,NULL,NULL,NULL,NULL,0.7768,32,(0.774 0.777 0.713 0.761 0.758 0.748 0.769 0.782 ),NULL
InputWindowChange,2020-11-26 13:34:10.6811,15123,4acd356381354ef207b3ddf0c5d72814,anonymous,NULL,Closed,10,-4.2022,0.0000,Running,1.9535,22,0.2667,0,0.0000,0,0.0667,0,0.0000,0,0.0000,0,0.0000,NA,NULL,NULL,NULL,NULL
GameDecision,2020-11-26 13:34:10.6821,15123,4acd356381354ef207b3ddf0c5d72814,anonymous,NULL,Closed,10,-4.2022,0.0000,Running,1.9535,21,0.3000,0,0.0000,0,0.0667,0,0.0000,0,0.0000,0,0.0000,AccInput,NULL,NULL,NULL,AccInput
Rest,2020-11-26 13:34:11.3213,15169,4acd356381354ef207b3ddf0c5d72814,anonymous,ReceivingData,NULL,NULL,NULL,NULL,NULL,NULL,NULL,NULL,NULL,NULL,NULL,NULL,NULL,NULL,NULL,NULL,NULL,NULL,NULL,0.6910,32,(0.741 0.706 0.691 0.767 0.764 0.763 0.764 0.760 ),NULL
MotorImagery,2020-11-26 13:34:19.6472,15767,4acd356381354ef207b3ddf0c5d72814,anonymous,ReceivingData,NULL,NULL,NULL,NULL,NULL,NULL,NULL,NULL,NULL,NULL,NULL,NULL,NULL,NULL,NULL,NULL,NULL,NULL,NULL,0.7835,33,(0.724 0.706 0.725 0.716 0.751 0.763 0.783 0.705 ),NULL
Rest,2020-11-26 13:34:20.0377,15795,4acd356381354ef207b3ddf0c5d72814,anonymous,ReceivingData,NULL,NULL,NULL,NULL,NULL,NULL,NULL,NULL,NULL,NULL,NULL,NULL,NULL,NULL,NULL,NULL,NULL,NULL,NULL,0.6939,33,(0.807 0.819 0.817 0.792 0.755 0.694 0.783 0.798 ),NULL
MotorImagery,2020-11-26 13:34:23.2246,16024,4acd356381354ef207b3ddf0c5d72814,anonymous,ReceivingData,NULL,NULL,NULL,NULL,NULL,NULL,NULL,NULL,NULL,NULL,NULL,NULL,NULL,NULL,NULL,NULL,NULL,NULL,NULL,0.7163,34,(0.718 0.739 0.716 0.712 0.726 0.733 0.742 0.740 ),NULL
Rest,2020-11-26 13:34:23.4762,16042,4acd356381354ef207b3ddf0c5d72814,anonymous,ReceivingData,NULL,NULL,NULL,NULL,NULL,NULL,NULL,NULL,NULL,NULL,NULL,NULL,NULL,NULL,NULL,NULL,NULL,NULL,NULL,0.6972,34,(0.718 0.739 0.716 0.713 0.735 0.721 0.697 0.740 ),NULL
MotorImagery,2020-11-26 13:34:25.1336,16161,4acd356381354ef207b3ddf0c5d72814,anonymous,ReceivingData,NULL,NULL,NULL,NULL,NULL,NULL,NULL,NULL,NULL,NULL,NULL,NULL,NULL,NULL,NULL,NULL,NULL,NULL,NULL,0.7975,35,(0.808 0.797 0.702 0.715 0.727 0.735 0.744 0.794 ),NULL
Rest,2020-11-26 13:34:26.0243,16225,4acd356381354ef207b3ddf0c5d72814,anonymous,ReceivingData,NULL,NULL,NULL,NULL,NULL,NULL,NULL,NULL,NULL,NULL,NULL,NULL,NULL,NULL,NULL,NULL,NULL,NULL,NULL,0.6982,35,(0.698 0.806 0.798 0.772 0.765 0.743 0.746 0.731 ),NULL
InputWindowChange,2020-11-26 13:34:26.8878,16287,4acd356381354ef207b3ddf0c5d72814,anonymous,NULL,Open,11,0.0000,0.0000,Running,2.0446,21,0.3000,0,0.0000,0,0.0667,0,0.0000,0,0.0000,0,0.0000,NA,NULL,NULL,NULL,NULL
MotorImagery,2020-11-26 13:34:28.3226,16390,4acd356381354ef207b3ddf0c5d72814,anonymous,ReceivingData,NULL,NULL,NULL,NULL,NULL,NULL,NULL,NULL,NULL,NULL,NULL,NULL,NULL,NULL,NULL,NULL,NULL,NULL,NULL,0.7072,36,(0.727 0.771 0.749 0.765 0.726 0.720 0.707 0.718 ),NULL
InputWindowChange,2020-11-26 13:34:28.3306,16390,4acd356381354ef207b3ddf0c5d72814,anonymous,NULL,Closed,11,-4.5658,0.0000,Running,2.0446,21,0.3000,0,0.0000,0,0.0667,0,0.0000,0,0.0000,0,0.0000,NA,NULL,NULL,NULL,NULL
GameDecision,2020-11-26 13:34:28.3306,16390,4acd356381354ef207b3ddf0c5d72814,anonymous,NULL,Closed,11,-4.5658,0.0000,Running,2.0446,20,0.3333,0,0.0000,0,0.0667,0,0.0000,0,0.0000,0,0.0000,AccInput,NULL,NULL,NULL,AccInput
Rest,2020-11-26 13:34:28.5721,16407,4acd356381354ef207b3ddf0c5d72814,anonymous,ReceivingData,NULL,NULL,NULL,NULL,NULL,NULL,NULL,NULL,NULL,NULL,NULL,NULL,NULL,NULL,NULL,NULL,NULL,NULL,NULL,0.6945,36,(0.704 0.714 0.695 0.765 0.726 0.720 0.707 0.710 ),NULL
MotorImagery,2020-11-26 13:34:30.7727,16565,4acd356381354ef207b3ddf0c5d72814,anonymous,ReceivingData,NULL,NULL,NULL,NULL,NULL,NULL,NULL,NULL,NULL,NULL,NULL,NULL,NULL,NULL,NULL,NULL,NULL,NULL,NULL,0.7303,37,(0.730 0.714 0.740 0.755 0.762 0.769 0.766 0.738 ),NULL
Rest,2020-11-26 13:34:30.8844,16573,4acd356381354ef207b3ddf0c5d72814,anonymous,ReceivingData,NULL,NULL,NULL,NULL,NULL,NULL,NULL,NULL,NULL,NULL,NULL,NULL,NULL,NULL,NULL,NULL,NULL,NULL,NULL,0.6974,37,(0.730 0.697 0.740 0.755 0.762 0.769 0.766 0.738 ),NULL
MotorImagery,2020-11-26 13:34:32.5406,16691,4acd356381354ef207b3ddf0c5d72814,anonymous,ReceivingData,NULL,NULL,NULL,NULL,NULL,NULL,NULL,NULL,NULL,NULL,NULL,NULL,NULL,NULL,NULL,NULL,NULL,NULL,NULL,0.7361,38,(0.742 0.768 0.760 0.750 0.734 0.736 0.730 0.729 ),NULL
Rest,2020-11-26 13:34:32.6660,16700,4acd356381354ef207b3ddf0c5d72814,anonymous,ReceivingData,NULL,NULL,NULL,NULL,NULL,NULL,NULL,NULL,NULL,NULL,NULL,NULL,NULL,NULL,NULL,NULL,NULL,NULL,NULL,0.6993,38,(0.699 0.768 0.760 0.750 0.734 0.736 0.713 0.712 ),NULL
MotorImagery,2020-11-26 13:34:44.1534,17483,4acd356381354ef207b3ddf0c5d72814,anonymous,ReceivingData,NULL,NULL,NULL,NULL,NULL,NULL,NULL,NULL,NULL,NULL,NULL,NULL,NULL,NULL,NULL,NULL,NULL,NULL,NULL,0.7151,39,(0.703 0.713 0.714 0.740 0.739 0.729 0.738 0.715 ),NULL
Rest,2020-11-26 13:34:44.1664,17484,4acd356381354ef207b3ddf0c5d72814,anonymous,ReceivingData,NULL,NULL,NULL,NULL,NULL,NULL,NULL,NULL,NULL,NULL,NULL,NULL,NULL,NULL,NULL,NULL,NULL,NULL,NULL,0.5867,39,(0.587 0.713 0.714 0.740 0.739 0.729 0.738 0.715 ),NULL
InputWindowChange,2020-11-26 13:34:44.8923,17536,4acd356381354ef207b3ddf0c5d72814,anonymous,NULL,Open,12,0.0000,0.0000,Running,1.6226,20,0.3333,0,0.0000,0,0.0667,0,0.0000,0,0.0000,0,0.0000,NA,NULL,NULL,NULL,NULL
MotorImagery,2020-11-26 13:34:47.7455,17736,4acd356381354ef207b3ddf0c5d72814,anonymous,ReceivingData,NULL,NULL,NULL,NULL,NULL,NULL,NULL,NULL,NULL,NULL,NULL,NULL,NULL,NULL,NULL,NULL,NULL,NULL,NULL,0.8495,40,(0.813 0.829 0.849 0.758 0.781 0.810 0.824 0.817 ),NULL
InputWindowChange,2020-11-26 13:34:47.7455,17736,4acd356381354ef207b3ddf0c5d72814,anonymous,NULL,Closed,12,-3.1450,0.0000,Running,1.6226,20,0.3333,0,0.0000,0,0.0667,0,0.0000,0,0.0000,0,0.0000,NA,NULL,NULL,NULL,NULL
GameDecision,2020-11-26 13:34:47.7465,17736,4acd356381354ef207b3ddf0c5d72814,anonymous,NULL,Closed,12,-3.1450,0.0000,Running,1.6226,19,0.3667,0,0.0000,0,0.0667,0,0.0000,0,0.0000,0,0.0000,AccInput,NULL,NULL,NULL,AccInput
Rest,2020-11-26 13:34:48.6373,17800,4acd356381354ef207b3ddf0c5d72814,anonymous,ReceivingData,NULL,NULL,NULL,NULL,NULL,NULL,NULL,NULL,NULL,NULL,NULL,NULL,NULL,NULL,NULL,NULL,NULL,NULL,NULL,0.6943,40,(0.750 0.730 0.694 0.860 0.828 0.797 0.762 0.746 ),NULL
MotorImagery,2020-11-26 13:34:50.3072,17920,4acd356381354ef207b3ddf0c5d72814,anonymous,ReceivingData,NULL,NULL,NULL,NULL,NULL,NULL,NULL,NULL,NULL,NULL,NULL,NULL,NULL,NULL,NULL,NULL,NULL,NULL,NULL,0.8356,41,(0.761 0.754 0.757 0.771 0.802 0.831 0.836 0.719 ),NULL
Rest,2020-11-26 13:34:50.8237,17951,4acd356381354ef207b3ddf0c5d72814,anonymous,ReceivingData,NULL,NULL,NULL,NULL,NULL,NULL,NULL,NULL,NULL,NULL,NULL,NULL,NULL,NULL,NULL,NULL,NULL,NULL,NULL,0.6593,41,(0.832 0.813 0.803 0.826 0.833 0.777 0.659 0.837 ),NULL
MotorImagery,2020-11-26 13:34:53.1208,18115,4acd356381354ef207b3ddf0c5d72814,anonymous,ReceivingData,NULL,NULL,NULL,NULL,NULL,NULL,NULL,NULL,NULL,NULL,NULL,NULL,NULL,NULL,NULL,NULL,NULL,NULL,NULL,0.8097,42,(0.775 0.773 0.787 0.789 0.792 0.810 0.722 0.730 ),NULL
Rest,2020-11-26 13:34:53.7605,18161,4acd356381354ef207b3ddf0c5d72814,anonymous,ReceivingData,NULL,NULL,NULL,NULL,NULL,NULL,NULL,NULL,NULL,NULL,NULL,NULL,NULL,NULL,NULL,NULL,NULL,NULL,NULL,0.6962,42,(0.827 0.813 0.777 0.783 0.777 0.774 0.723 0.696 ),NULL
MotorImagery,2020-11-26 13:34:55.7940,18307,4acd356381354ef207b3ddf0c5d72814,anonymous,ReceivingData,NULL,NULL,NULL,NULL,NULL,NULL,NULL,NULL,NULL,NULL,NULL,NULL,NULL,NULL,NULL,NULL,NULL,NULL,NULL,0.7582,43,(0.746 0.758 0.704 0.703 0.732 0.740 0.739 0.742 ),NULL
Rest,2020-11-26 13:34:55.9333,18317,4acd356381354ef207b3ddf0c5d72814,anonymous,ReceivingData,NULL,NULL,NULL,NULL,NULL,NULL,NULL,NULL,NULL,NULL,NULL,NULL,NULL,NULL,NULL,NULL,NULL,NULL,NULL,0.6477,43,(0.746 0.758 0.714 0.702 0.648 0.740 0.739 0.742 ),NULL
MotorImagery,2020-11-26 13:35:00.0145,18610,4acd356381354ef207b3ddf0c5d72814,anonymous,ReceivingData,NULL,NULL,NULL,NULL,NULL,NULL,NULL,NULL,NULL,NULL,NULL,NULL,NULL,NULL,NULL,NULL,NULL,NULL,NULL,0.8404,44,(0.840 0.715 0.745 0.769 0.802 0.816 0.839 0.799 ),NULL
Rest,2020-11-26 13:35:00.7781,18665,4acd356381354ef207b3ddf0c5d72814,anonymous,ReceivingData,NULL,NULL,NULL,NULL,NULL,NULL,NULL,NULL,NULL,NULL,NULL,NULL,NULL,NULL,NULL,NULL,NULL,NULL,NULL,0.6713,44,(0.799 0.806 0.778 0.707 0.703 0.671 0.822 0.803 ),NULL
InputWindowChange,2020-11-26 13:35:02.9012,18815,4acd356381354ef207b3ddf0c5d72814,anonymous,NULL,Open,13,0.0000,0.0000,Running,4.4148,19,0.3667,0,0.0000,0,0.0667,0,0.0000,0,0.0000,0,0.0000,NA,NULL,NULL,NULL,NULL
MotorImagery,2020-11-26 13:35:02.9589,18819,4acd356381354ef207b3ddf0c5d72814,anonymous,ReceivingData,NULL,NULL,NULL,NULL,NULL,NULL,NULL,NULL,NULL,NULL,NULL,NULL,NULL,NULL,NULL,NULL,NULL,NULL,NULL,0.7743,45,(0.774 0.710 0.785 0.782 0.762 0.751 0.759 0.764 ),NULL
InputWindowChange,2020-11-26 13:35:02.9589,18819,4acd356381354ef207b3ddf0c5d72814,anonymous,NULL,Closed,13,-5.9403,0.0000,Running,4.4148,19,0.3667,0,0.0000,0,0.0667,0,0.0000,0,0.0000,0,0.0000,NA,NULL,NULL,NULL,NULL
GameDecision,2020-11-26 13:35:02.9599,18819,4acd356381354ef207b3ddf0c5d72814,anonymous,NULL,Closed,13,-5.9403,0.0000,Running,4.4148,18,0.4000,0,0.0000,0,0.0667,0,0.0000,0,0.0000,0,0.0000,AccInput,NULL,NULL,NULL,AccInput
Rest,2020-11-26 13:35:03.4504,18853,4acd356381354ef207b3ddf0c5d72814,anonymous,ReceivingData,NULL,NULL,NULL,NULL,NULL,NULL,NULL,NULL,NULL,NULL,NULL,NULL,NULL,NULL,NULL,NULL,NULL,NULL,NULL,0.6930,45,(0.716 0.693 0.765 0.748 0.732 0.723 0.713 0.718 ),NULL
MotorImagery,2020-11-26 13:35:14.8410,19669,4acd356381354ef207b3ddf0c5d72814,anonymous,ReceivingData,NULL,NULL,NULL,NULL,NULL,NULL,NULL,NULL,NULL,NULL,NULL,NULL,NULL,NULL,NULL,NULL,NULL,NULL,NULL,0.7231,46,(0.723 0.725 0.720 0.728 0.727 0.735 0.729 0.715 ),NULL
Rest,2020-11-26 13:35:16.1229,19760,4acd356381354ef207b3ddf0c5d72814,anonymous,ReceivingData,NULL,NULL,NULL,NULL,NULL,NULL,NULL,NULL,NULL,NULL,NULL,NULL,NULL,NULL,NULL,NULL,NULL,NULL,NULL,0.6608,46,(0.754 0.753 0.736 0.739 0.719 0.661 0.745 0.746 ),NULL
InputWindowChange,2020-11-26 13:35:20.9133,20104,4acd356381354ef207b3ddf0c5d72814,anonymous,NULL,Open,14,0.0000,0.0000,Running,3.4164,18,0.4000,0,0.0000,0,0.0667,0,0.0000,0,0.0000,0,0.0000,NA,NULL,NULL,NULL,NULL
MotorImagery,2020-11-26 13:35:23.0150,20255,4acd356381354ef207b3ddf0c5d72814,anonymous,ReceivingData,NULL,NULL,NULL,NULL,NULL,NULL,NULL,NULL,NULL,NULL,NULL,NULL,NULL,NULL,NULL,NULL,NULL,NULL,NULL,0.8136,47,(0.707 0.740 0.733 0.752 0.774 0.799 0.801 0.814 ),NULL
InputWindowChange,2020-11-26 13:35:23.0150,20255,4acd356381354ef207b3ddf0c5d72814,anonymous,NULL,Closed,14,-3.8977,0.0000,Running,3.4164,18,0.4000,0,0.0000,0,0.0667,0,0.0000,0,0.0000,0,0.0000,NA,NULL,NULL,NULL,NULL
GameDecision,2020-11-26 13:35:23.0160,20255,4acd356381354ef207b3ddf0c5d72814,anonymous,NULL,Closed,14,-3.8977,0.0000,Running,3.4164,17,0.4333,0,0.0000,0,0.0667,0,0.0000,0,0.0000,0,0.0000,AccInput,NULL,NULL,NULL,AccInput
Rest,2020-11-26 13:35:23.5301,20292,4acd356381354ef207b3ddf0c5d72814,anonymous,ReceivingData,NULL,NULL,NULL,NULL,NULL,NULL,NULL,NULL,NULL,NULL,NULL,NULL,NULL,NULL,NULL,NULL,NULL,NULL,NULL,0.6794,47,(0.725 0.679 0.798 0.804 0.783 0.766 0.763 0.741 ),NULL
MotorImagery,2020-11-26 13:35:32.7191,20950,4acd356381354ef207b3ddf0c5d72814,anonymous,ReceivingData,NULL,NULL,NULL,NULL,NULL,NULL,NULL,NULL,NULL,NULL,NULL,NULL,NULL,NULL,NULL,NULL,NULL,NULL,NULL,0.7562,48,(0.757 0.756 0.727 0.724 0.762 0.747 0.754 0.759 ),NULL
Rest,2020-11-26 13:35:32.8723,20961,4acd356381354ef207b3ddf0c5d72814,anonymous,ReceivingData,NULL,NULL,NULL,NULL,NULL,NULL,NULL,NULL,NULL,NULL,NULL,NULL,NULL,NULL,NULL,NULL,NULL,NULL,NULL,0.6970,48,(0.757 0.756 0.769 0.754 0.742 0.697 0.754 0.759 ),NULL
MotorImagery,2020-11-26 13:35:37.5918,21298,4acd356381354ef207b3ddf0c5d72814,anonymous,ReceivingData,NULL,NULL,NULL,NULL,NULL,NULL,NULL,NULL,NULL,NULL,NULL,NULL,NULL,NULL,NULL,NULL,NULL,NULL,NULL,0.7507,49,(0.762 0.778 0.752 0.751 0.720 0.731 0.760 0.758 ),NULL
Rest,2020-11-26 13:35:37.7306,21308,4acd356381354ef207b3ddf0c5d72814,anonymous,ReceivingData,NULL,NULL,NULL,NULL,NULL,NULL,NULL,NULL,NULL,NULL,NULL,NULL,NULL,NULL,NULL,NULL,NULL,NULL,NULL,0.6678,49,(0.762 0.778 0.752 0.751 0.749 0.726 0.668 0.758 ),NULL
InputWindowChange,2020-11-26 13:35:38.9164,21392,4acd356381354ef207b3ddf0c5d72814,anonymous,NULL,Open,15,0.0000,0.0000,Running,4.8187,17,0.4333,0,0.0000,0,0.0667,0,0.0000,0,0.0000,0,0.0000,NA,NULL,NULL,NULL,NULL
MotorImagery,2020-11-26 13:35:43.7307,21735,4acd356381354ef207b3ddf0c5d72814,anonymous,ReceivingData,NULL,NULL,NULL,NULL,NULL,NULL,NULL,NULL,NULL,NULL,NULL,NULL,NULL,NULL,NULL,NULL,NULL,NULL,NULL,0.7806,50,(0.800 0.790 0.781 0.703 0.733 0.739 0.783 0.801 ),NULL
InputWindowChange,2020-11-26 13:35:43.7317,21735,4acd356381354ef207b3ddf0c5d72814,anonymous,NULL,Closed,15,-1.1876,0.0000,Running,4.8187,17,0.4333,0,0.0000,0,0.0667,0,0.0000,0,0.0000,0,0.0000,NA,NULL,NULL,NULL,NULL
GameDecision,2020-11-26 13:35:43.7327,21735,4acd356381354ef207b3ddf0c5d72814,anonymous,NULL,Closed,15,-1.1876,0.0000,Running,4.8187,16,0.4667,0,0.0000,0,0.0667,0,0.0000,0,0.0000,0,0.0000,AccInput,NULL,NULL,NULL,AccInput
Rest,2020-11-26 13:35:44.9847,21823,4acd356381354ef207b3ddf0c5d72814,anonymous,ReceivingData,NULL,NULL,NULL,NULL,NULL,NULL,NULL,NULL,NULL,NULL,NULL,NULL,NULL,NULL,NULL,NULL,NULL,NULL,NULL,0.6883,50,(0.746 0.760 0.767 0.762 0.728 0.723 0.688 0.769 ),NULL
MotorImagery,2020-11-26 13:35:54.5809,22510,4acd356381354ef207b3ddf0c5d72814,anonymous,ReceivingData,NULL,NULL,NULL,NULL,NULL,NULL,NULL,NULL,NULL,NULL,NULL,NULL,NULL,NULL,NULL,NULL,NULL,NULL,NULL,0.7255,51,(0.739 0.741 0.710 0.717 0.704 0.724 0.726 0.707 ),NULL
Rest,2020-11-26 13:35:54.7052,22519,4acd356381354ef207b3ddf0c5d72814,anonymous,ReceivingData,NULL,NULL,NULL,NULL,NULL,NULL,NULL,NULL,NULL,NULL,NULL,NULL,NULL,NULL,NULL,NULL,NULL,NULL,NULL,0.6959,51,(0.696 0.741 0.710 0.717 0.704 0.724 0.726 0.716 ),NULL
InputWindowChange,2020-11-26 13:35:56.9337,22679,4acd356381354ef207b3ddf0c5d72814,anonymous,NULL,Open,16,0.0000,0.0000,Running,4.7954,16,0.4667,0,0.0000,0,0.0667,0,0.0000,0,0.0000,0,0.0000,NA,NULL,NULL,NULL,NULL
MotorImagery,2020-11-26 13:36:00.3443,22923,4acd356381354ef207b3ddf0c5d72814,anonymous,ReceivingData,NULL,NULL,NULL,NULL,NULL,NULL,NULL,NULL,NULL,NULL,NULL,NULL,NULL,NULL,NULL,NULL,NULL,NULL,NULL,0.7103,52,(0.722 0.739 0.711 0.723 0.714 0.716 0.738 0.710 ),NULL
InputWindowChange,2020-11-26 13:36:00.3443,22923,4acd356381354ef207b3ddf0c5d72814,anonymous,NULL,Closed,16,-2.5883,0.0000,Running,4.7954,16,0.4667,0,0.0000,0,0.0667,0,0.0000,0,0.0000,0,0.0000,NA,NULL,NULL,NULL,NULL
GameDecision,2020-11-26 13:36:00.3453,22923,4acd356381354ef207b3ddf0c5d72814,anonymous,NULL,Closed,16,-2.5883,0.0000,Running,4.7954,15,0.5000,0,0.0000,0,0.0667,0,0.0000,0,0.0000,0,0.0000,AccInput,NULL,NULL,NULL,AccInput
Rest,2020-11-26 13:36:00.6089,22942,4acd356381354ef207b3ddf0c5d72814,anonymous,ReceivingData,NULL,NULL,NULL,NULL,NULL,NULL,NULL,NULL,NULL,NULL,NULL,NULL,NULL,NULL,NULL,NULL,NULL,NULL,NULL,0.6980,52,(0.740 0.714 0.718 0.726 0.698 0.716 0.738 0.710 ),NULL
MotorImagery,2020-11-26 13:36:12.1246,23767,4acd356381354ef207b3ddf0c5d72814,anonymous,ReceivingData,NULL,NULL,NULL,NULL,NULL,NULL,NULL,NULL,NULL,NULL,NULL,NULL,NULL,NULL,NULL,NULL,NULL,NULL,NULL,0.8429,53,(0.839 0.820 0.815 0.825 0.843 0.716 0.774 0.817 ),NULL
Rest,2020-11-26 13:36:13.6420,23876,4acd356381354ef207b3ddf0c5d72814,anonymous,ReceivingData,NULL,NULL,NULL,NULL,NULL,NULL,NULL,NULL,NULL,NULL,NULL,NULL,NULL,NULL,NULL,NULL,NULL,NULL,NULL,0.6988,53,(0.755 0.753 0.751 0.751 0.726 0.699 0.742 0.753 ),NULL
InputWindowChange,2020-11-26 13:36:14.9374,23969,4acd356381354ef207b3ddf0c5d72814,anonymous,NULL,Open,17,0.0000,0.0000,Running,1.1100,15,0.5000,0,0.0000,0,0.0667,0,0.0000,0,0.0000,0,0.0000,NA,NULL,NULL,NULL,NULL
MotorImagery,2020-11-26 13:36:20.2836,24353,4acd356381354ef207b3ddf0c5d72814,anonymous,ReceivingData,NULL,NULL,NULL,NULL,NULL,NULL,NULL,NULL,NULL,NULL,NULL,NULL,NULL,NULL,NULL,NULL,NULL,NULL,NULL,0.7320,54,(0.741 0.742 0.742 0.732 0.717 0.710 0.709 0.718 ),NULL
InputWindowChange,2020-11-26 13:36:20.2846,24353,4acd356381354ef207b3ddf0c5d72814,anonymous,NULL,Closed,17,-0.6528,0.0000,Running,1.1100,15,0.5000,0,0.0000,0,0.0667,0,0.0000,0,0.0000,0,0.0000,NA,NULL,NULL,NULL,NULL
GameDecision,2020-11-26 13:36:20.2846,24353,4acd356381354ef207b3ddf0c5d72814,anonymous,NULL,Closed,17,-0.6528,0.0000,Running,1.1100,14,0.5333,0,0.0000,0,0.0667,0,0.0000,0,0.0000,0,0.0000,AccInput,NULL,NULL,NULL,AccInput
Rest,2020-11-26 13:36:21.0637,24409,4acd356381354ef207b3ddf0c5d72814,anonymous,ReceivingData,NULL,NULL,NULL,NULL,NULL,NULL,NULL,NULL,NULL,NULL,NULL,NULL,NULL,NULL,NULL,NULL,NULL,NULL,NULL,0.6996,54,(0.726 0.700 0.739 0.745 0.750 0.706 0.704 0.706 ),NULL
MotorImagery,2020-11-26 13:36:30.3776,25076,4acd356381354ef207b3ddf0c5d72814,anonymous,ReceivingData,NULL,NULL,NULL,NULL,NULL,NULL,NULL,NULL,NULL,NULL,NULL,NULL,NULL,NULL,NULL,NULL,NULL,NULL,NULL,0.7446,55,(0.755 0.751 0.744 0.745 0.730 0.782 0.776 0.756 ),NULL
Rest,2020-11-26 13:36:30.5169,25086,4acd356381354ef207b3ddf0c5d72814,anonymous,ReceivingData,NULL,NULL,NULL,NULL,NULL,NULL,NULL,NULL,NULL,NULL,NULL,NULL,NULL,NULL,NULL,NULL,NULL,NULL,NULL,0.6945,55,(0.755 0.751 0.744 0.745 0.737 0.728 0.725 0.694 ),NULL
InputWindowChange,2020-11-26 13:36:32.9411,25260,4acd356381354ef207b3ddf0c5d72814,anonymous,NULL,Open,18,0.0000,0.0000,Running,4.1982,14,0.5333,0,0.0000,0,0.0667,0,0.0000,0,0.0000,0,0.0000,NA,NULL,NULL,NULL,NULL
MotorImagery,2020-11-26 13:36:35.8653,25470,4acd356381354ef207b3ddf0c5d72814,anonymous,ReceivingData,NULL,NULL,NULL,NULL,NULL,NULL,NULL,NULL,NULL,NULL,NULL,NULL,NULL,NULL,NULL,NULL,NULL,NULL,NULL,0.7290,56,(0.713 0.722 0.721 0.718 0.728 0.735 0.736 0.729 ),NULL
InputWindowChange,2020-11-26 13:36:35.8653,25470,4acd356381354ef207b3ddf0c5d72814,anonymous,NULL,Closed,18,-3.0748,0.0000,Running,4.1982,14,0.5333,0,0.0000,0,0.0667,0,0.0000,0,0.0000,0,0.0000,NA,NULL,NULL,NULL,NULL
GameDecision,2020-11-26 13:36:35.8663,25470,4acd356381354ef207b3ddf0c5d72814,anonymous,NULL,Closed,18,-3.0748,0.0000,Running,4.1982,13,0.5667,0,0.0000,0,0.0667,0,0.0000,0,0.0000,0,0.0000,AccInput,NULL,NULL,NULL,AccInput
Rest,2020-11-26 13:36:36.1440,25490,4acd356381354ef207b3ddf0c5d72814,anonymous,ReceivingData,NULL,NULL,NULL,NULL,NULL,NULL,NULL,NULL,NULL,NULL,NULL,NULL,NULL,NULL,NULL,NULL,NULL,NULL,NULL,0.6902,56,(0.740 0.728 0.717 0.713 0.690 0.735 0.736 0.729 ),NULL
InputWindowChange,2020-11-26 13:36:50.9452,26551,4acd356381354ef207b3ddf0c5d72814,anonymous,NULL,Open,19,0.0000,0.0000,Running,2.2693,13,0.5667,0,0.0000,0,0.0667,0,0.0000,0,0.0000,0,0.0000,NA,NULL,NULL,NULL,NULL
InputWindowChange,2020-11-26 13:36:56.9597,26982,4acd356381354ef207b3ddf0c5d72814,anonymous,NULL,Closed,19,0.0127,0.0000,Running,2.2693,13,0.5667,0,0.0000,0,0.0667,0,0.0000,0,0.0000,0,0.0000,NA,NULL,NULL,NULL,NULL
GameDecision,2020-11-26 13:36:56.9602,26982,4acd356381354ef207b3ddf0c5d72814,anonymous,NULL,Closed,19,0.0127,0.0000,Running,2.2693,13,0.5667,0,0.0000,0,0.1000,0,0.0000,0,0.0000,0,0.0000,RejInput,NULL,NULL,NULL,AccInput
InputWindowChange,2020-11-26 13:37:08.9483,27839,4acd356381354ef207b3ddf0c5d72814,anonymous,NULL,Open,20,0.0000,0.0000,Running,4.1233,13,0.5667,0,0.0000,0,0.1000,0,0.0000,0,0.0000,0,0.0000,NA,NULL,NULL,NULL,NULL
InputWindowChange,2020-11-26 13:37:14.9494,28269,4acd356381354ef207b3ddf0c5d72814,anonymous,NULL,Closed,20,0.0005,0.0000,Running,4.1233,13,0.5667,0,0.0000,0,0.1000,0,0.0000,0,0.0000,0,0.0000,NA,NULL,NULL,NULL,NULL
GameDecision,2020-11-26 13:37:14.9509,28269,4acd356381354ef207b3ddf0c5d72814,anonymous,NULL,Closed,20,0.0005,0.0000,Running,4.1233,13,0.5667,0,0.0000,0,0.1333,0,0.0000,0,0.0000,0,0.0000,RejInput,NULL,NULL,NULL,AccInput
InputWindowChange,2020-11-26 13:37:26.9518,29130,4acd356381354ef207b3ddf0c5d72814,anonymous,NULL,Open,21,0.0000,0.0000,Running,4.6315,13,0.5667,0,0.0000,0,0.1333,0,0.0000,0,0.0000,0,0.0000,NA,NULL,NULL,NULL,NULL
MotorImagery,2020-11-26 13:37:28.6648,29253,4acd356381354ef207b3ddf0c5d72814,anonymous,ReceivingData,NULL,NULL,NULL,NULL,NULL,NULL,NULL,NULL,NULL,NULL,NULL,NULL,NULL,NULL,NULL,NULL,NULL,NULL,NULL,0.8349,57,(0.835 0.736 0.745 0.757 0.798 0.815 0.827 0.826 ),NULL
InputWindowChange,2020-11-26 13:37:28.6648,29253,4acd356381354ef207b3ddf0c5d72814,anonymous,NULL,Closed,21,-4.2874,0.0000,Running,4.6315,13,0.5667,0,0.0000,0,0.1333,0,0.0000,0,0.0000,0,0.0000,NA,NULL,NULL,NULL,NULL
GameDecision,2020-11-26 13:37:28.6658,29253,4acd356381354ef207b3ddf0c5d72814,anonymous,NULL,Closed,21,-4.2874,0.0000,Running,4.6315,12,0.6000,0,0.0000,0,0.1333,0,0.0000,0,0.0000,0,0.0000,AccInput,NULL,NULL,NULL,AccInput
Rest,2020-11-26 13:37:29.5684,29318,4acd356381354ef207b3ddf0c5d72814,anonymous,ReceivingData,NULL,NULL,NULL,NULL,NULL,NULL,NULL,NULL,NULL,NULL,NULL,NULL,NULL,NULL,NULL,NULL,NULL,NULL,NULL,0.6893,57,(0.689 0.789 0.758 0.754 0.743 0.732 0.720 0.707 ),NULL
MotorImagery,2020-11-26 13:37:36.0854,29786,4acd356381354ef207b3ddf0c5d72814,anonymous,ReceivingData,NULL,NULL,NULL,NULL,NULL,NULL,NULL,NULL,NULL,NULL,NULL,NULL,NULL,NULL,NULL,NULL,NULL,NULL,NULL,0.7014,58,(0.716 0.720 0.726 0.717 0.710 0.701 0.712 0.718 ),NULL
Rest,2020-11-26 13:37:36.1972,29794,4acd356381354ef207b3ddf0c5d72814,anonymous,ReceivingData,NULL,NULL,NULL,NULL,NULL,NULL,NULL,NULL,NULL,NULL,NULL,NULL,NULL,NULL,NULL,NULL,NULL,NULL,NULL,0.6786,58,(0.716 0.720 0.726 0.717 0.710 0.701 0.679 0.718 ),NULL
InputWindowChange,2020-11-26 13:37:44.9558,30421,4acd356381354ef207b3ddf0c5d72814,anonymous,NULL,Open,22,0.0000,0.0000,Running,1.4201,12,0.6000,0,0.0000,0,0.1333,0,0.0000,0,0.0000,0,0.0000,NA,NULL,NULL,NULL,NULL
MotorImagery,2020-11-26 13:37:45.1915,30437,4acd356381354ef207b3ddf0c5d72814,anonymous,ReceivingData,NULL,NULL,NULL,NULL,NULL,NULL,NULL,NULL,NULL,NULL,NULL,NULL,NULL,NULL,NULL,NULL,NULL,NULL,NULL,0.7384,59,(0.748 0.765 0.759 0.753 0.756 0.738 0.720 0.750 ),NULL
InputWindowChange,2020-11-26 13:37:45.1925,30437,4acd356381354ef207b3ddf0c5d72814,anonymous,NULL,Closed,22,-5.7631,0.0000,Running,1.4201,12,0.6000,0,0.0000,0,0.1333,0,0.0000,0,0.0000,0,0.0000,NA,NULL,NULL,NULL,NULL
GameDecision,2020-11-26 13:37:45.1930,30437,4acd356381354ef207b3ddf0c5d72814,anonymous,NULL,Closed,22,-5.7631,0.0000,Running,1.4201,11,0.6333,0,0.0000,0,0.1333,0,0.0000,0,0.0000,0,0.0000,AccInput,NULL,NULL,NULL,AccInput
Rest,2020-11-26 13:37:45.2890,30444,4acd356381354ef207b3ddf0c5d72814,anonymous,ReceivingData,NULL,NULL,NULL,NULL,NULL,NULL,NULL,NULL,NULL,NULL,NULL,NULL,NULL,NULL,NULL,NULL,NULL,NULL,NULL,0.6921,59,(0.748 0.765 0.759 0.753 0.756 0.738 0.709 0.692 ),NULL
MotorImagery,2020-11-26 13:37:51.9167,30919,4acd356381354ef207b3ddf0c5d72814,anonymous,ReceivingData,NULL,NULL,NULL,NULL,NULL,NULL,NULL,NULL,NULL,NULL,NULL,NULL,NULL,NULL,NULL,NULL,NULL,NULL,NULL,0.7201,60,(0.727 0.743 0.741 0.729 0.706 0.719 0.720 0.708 ),NULL
Rest,2020-11-26 13:37:52.0415,30928,4acd356381354ef207b3ddf0c5d72814,anonymous,ReceivingData,NULL,NULL,NULL,NULL,NULL,NULL,NULL,NULL,NULL,NULL,NULL,NULL,NULL,NULL,NULL,NULL,NULL,NULL,NULL,0.6961,60,(0.696 0.743 0.741 0.729 0.706 0.719 0.720 0.725 ),NULL
MotorImagery,2020-11-26 13:37:58.5867,31397,4acd356381354ef207b3ddf0c5d72814,anonymous,ReceivingData,NULL,NULL,NULL,NULL,NULL,NULL,NULL,NULL,NULL,NULL,NULL,NULL,NULL,NULL,NULL,NULL,NULL,NULL,NULL,0.7700,61,(0.713 0.736 0.748 0.769 0.770 0.717 0.715 0.716 ),NULL
Rest,2020-11-26 13:37:59.4642,31460,4acd356381354ef207b3ddf0c5d72814,anonymous,ReceivingData,NULL,NULL,NULL,NULL,NULL,NULL,NULL,NULL,NULL,NULL,NULL,NULL,NULL,NULL,NULL,NULL,NULL,NULL,NULL,0.6966,61,(0.755 0.736 0.697 0.765 0.767 0.759 0.755 0.742 ),NULL
MotorImagery,2020-11-26 13:38:02.5124,31679,4acd356381354ef207b3ddf0c5d72814,anonymous,ReceivingData,NULL,NULL,NULL,NULL,NULL,NULL,NULL,NULL,NULL,NULL,NULL,NULL,NULL,NULL,NULL,NULL,NULL,NULL,NULL,0.7313,62,(0.712 0.762 0.733 0.730 0.722 0.723 0.731 0.709 ),NULL
InputWindowChange,2020-11-26 13:38:02.9591,31711,4acd356381354ef207b3ddf0c5d72814,anonymous,NULL,Open,23,0.0000,0.0000,Running,1.9012,11,0.6333,0,0.0000,0,0.1333,0,0.0000,0,0.0000,0,0.0000,NA,NULL,NULL,NULL,NULL
Rest,2020-11-26 13:38:04.6992,31835,4acd356381354ef207b3ddf0c5d72814,anonymous,ReceivingData,NULL,NULL,NULL,NULL,NULL,NULL,NULL,NULL,NULL,NULL,NULL,NULL,NULL,NULL,NULL,NULL,NULL,NULL,NULL,0.6595,62,(0.743 0.713 0.659 0.735 0.722 0.736 0.769 0.765 ),NULL
MotorImagery,2020-11-26 13:38:06.3556,31954,4acd356381354ef207b3ddf0c5d72814,anonymous,ReceivingData,NULL,NULL,NULL,NULL,NULL,NULL,NULL,NULL,NULL,NULL,NULL,NULL,NULL,NULL,NULL,NULL,NULL,NULL,NULL,0.7118,63,(0.715 0.716 0.718 0.703 0.718 0.716 0.726 0.712 ),NULL
InputWindowChange,2020-11-26 13:38:06.3566,31954,4acd356381354ef207b3ddf0c5d72814,anonymous,NULL,Closed,23,-2.6017,0.0000,Running,1.9012,11,0.6333,0,0.0000,0,0.1333,0,0.0000,0,0.0000,0,0.0000,NA,NULL,NULL,NULL,NULL
GameDecision,2020-11-26 13:38:06.3566,31954,4acd356381354ef207b3ddf0c5d72814,anonymous,NULL,Closed,23,-2.6017,0.0000,Running,1.9012,10,0.6667,0,0.0000,0,0.1333,0,0.0000,0,0.0000,0,0.0000,AccInput,NULL,NULL,NULL,AccInput
Rest,2020-11-26 13:38:06.4813,31963,4acd356381354ef207b3ddf0c5d72814,anonymous,ReceivingData,NULL,NULL,NULL,NULL,NULL,NULL,NULL,NULL,NULL,NULL,NULL,NULL,NULL,NULL,NULL,NULL,NULL,NULL,NULL,0.6983,63,(0.698 0.716 0.718 0.703 0.718 0.716 0.726 0.712 ),NULL
MotorImagery,2020-11-26 13:38:16.3257,32668,4acd356381354ef207b3ddf0c5d72814,anonymous,ReceivingData,NULL,NULL,NULL,NULL,NULL,NULL,NULL,NULL,NULL,NULL,NULL,NULL,NULL,NULL,NULL,NULL,NULL,NULL,NULL,0.7975,64,(0.750 0.768 0.788 0.799 0.792 0.797 0.734 0.746 ),NULL
Rest,2020-11-26 13:38:16.8551,32705,4acd356381354ef207b3ddf0c5d72814,anonymous,ReceivingData,NULL,NULL,NULL,NULL,NULL,NULL,NULL,NULL,NULL,NULL,NULL,NULL,NULL,NULL,NULL,NULL,NULL,NULL,NULL,0.6542,64,(0.758 0.759 0.756 0.754 0.733 0.708 0.654 0.752 ),NULL
MotorImagery,2020-11-26 13:38:19.8898,32922,4acd356381354ef207b3ddf0c5d72814,anonymous,ReceivingData,NULL,NULL,NULL,NULL,NULL,NULL,NULL,NULL,NULL,NULL,NULL,NULL,NULL,NULL,NULL,NULL,NULL,NULL,NULL,0.7605,65,(0.760 0.718 0.702 0.717 0.753 0.778 0.792 0.774 ),NULL
Rest,2020-11-26 13:38:20.1548,32941,4acd356381354ef207b3ddf0c5d72814,anonymous,ReceivingData,NULL,NULL,NULL,NULL,NULL,NULL,NULL,NULL,NULL,NULL,NULL,NULL,NULL,NULL,NULL,NULL,NULL,NULL,NULL,0.6926,65,(0.760 0.740 0.707 0.704 0.693 0.778 0.792 0.774 ),NULL
InputWindowChange,2020-11-26 13:38:20.9626,32999,4acd356381354ef207b3ddf0c5d72814,anonymous,NULL,Open,24,0.0000,0.0000,Running,1.9882,10,0.6667,0,0.0000,0,0.1333,0,0.0000,0,0.0000,0,0.0000,NA,NULL,NULL,NULL,NULL
MotorImagery,2020-11-26 13:38:23.5939,33187,4acd356381354ef207b3ddf0c5d72814,anonymous,ReceivingData,NULL,NULL,NULL,NULL,NULL,NULL,NULL,NULL,NULL,NULL,NULL,NULL,NULL,NULL,NULL,NULL,NULL,NULL,NULL,0.7303,66,(0.718 0.737 0.735 0.747 0.726 0.712 0.730 0.711 ),NULL
InputWindowChange,2020-11-26 13:38:23.5939,33187,4acd356381354ef207b3ddf0c5d72814,anonymous,NULL,Closed,24,-3.3674,0.0000,Running,1.9882,10,0.6667,0,0.0000,0,0.1333,0,0.0000,0,0.0000,0,0.0000,NA,NULL,NULL,NULL,NULL
GameDecision,2020-11-26 13:38:23.5949,33187,4acd356381354ef207b3ddf0c5d72814,anonymous,NULL,Closed,24,-3.3674,0.0000,Running,1.9882,9,0.7000,0,0.0000,0,0.1333,0,0.0000,0,0.0000,0,0.0000,AccInput,NULL,NULL,NULL,AccInput
Rest,2020-11-26 13:38:24.1090,33224,4acd356381354ef207b3ddf0c5d72814,anonymous,ReceivingData,NULL,NULL,NULL,NULL,NULL,NULL,NULL,NULL,NULL,NULL,NULL,NULL,NULL,NULL,NULL,NULL,NULL,NULL,NULL,0.6946,66,(0.713 0.701 0.707 0.728 0.740 0.711 0.695 0.739 ),NULL
MotorImagery,2020-11-26 13:38:28.7319,33556,4acd356381354ef207b3ddf0c5d72814,anonymous,ReceivingData,NULL,NULL,NULL,NULL,NULL,NULL,NULL,NULL,NULL,NULL,NULL,NULL,NULL,NULL,NULL,NULL,NULL,NULL,NULL,0.7469,67,(0.755 0.759 0.752 0.745 0.747 0.701 0.704 0.734 ),NULL
Rest,2020-11-26 13:38:29.3583,33601,4acd356381354ef207b3ddf0c5d72814,anonymous,ReceivingData,NULL,NULL,NULL,NULL,NULL,NULL,NULL,NULL,NULL,NULL,NULL,NULL,NULL,NULL,NULL,NULL,NULL,NULL,NULL,0.6714,67,(0.797 0.797 0.779 0.794 0.786 0.759 0.721 0.671 ),NULL
MotorImagery,2020-11-26 13:38:32.1713,33803,4acd356381354ef207b3ddf0c5d72814,anonymous,ReceivingData,NULL,NULL,NULL,NULL,NULL,NULL,NULL,NULL,NULL,NULL,NULL,NULL,NULL,NULL,NULL,NULL,NULL,NULL,NULL,0.8147,68,(0.719 0.702 0.758 0.782 0.793 0.811 0.815 0.704 ),NULL
Rest,2020-11-26 13:38:33.5635,33903,4acd356381354ef207b3ddf0c5d72814,anonymous,ReceivingData,NULL,NULL,NULL,NULL,NULL,NULL,NULL,NULL,NULL,NULL,NULL,NULL,NULL,NULL,NULL,NULL,NULL,NULL,NULL,0.6568,68,(0.717 0.729 0.730 0.705 0.657 0.731 0.735 0.724 ),NULL
MotorImagery,2020-11-26 13:38:37.4192,34180,4acd356381354ef207b3ddf0c5d72814,anonymous,ReceivingData,NULL,NULL,NULL,NULL,NULL,NULL,NULL,NULL,NULL,NULL,NULL,NULL,NULL,NULL,NULL,NULL,NULL,NULL,NULL,0.8024,69,(0.729 0.723 0.739 0.807 0.806 0.802 0.715 0.744 ),NULL
Rest,2020-11-26 13:38:38.9506,34290,4acd356381354ef207b3ddf0c5d72814,anonymous,ReceivingData,NULL,NULL,NULL,NULL,NULL,NULL,NULL,NULL,NULL,NULL,NULL,NULL,NULL,NULL,NULL,NULL,NULL,NULL,NULL,0.6935,69,(0.737 0.740 0.738 0.737 0.735 0.733 0.746 0.693 ),NULL
InputWindowChange,2020-11-26 13:38:38.9652,34291,4acd356381354ef207b3ddf0c5d72814,anonymous,NULL,Open,25,0.0000,0.0000,Running,2.1369,9,0.7000,0,0.0000,0,0.1333,0,0.0000,0,0.0000,0,0.0000,NA,NULL,NULL,NULL,NULL
MotorImagery,2020-11-26 13:38:40.9838,34436,4acd356381354ef207b3ddf0c5d72814,anonymous,ReceivingData,NULL,NULL,NULL,NULL,NULL,NULL,NULL,NULL,NULL,NULL,NULL,NULL,NULL,NULL,NULL,NULL,NULL,NULL,NULL,0.7784,70,(0.778 0.725 0.730 0.744 0.756 0.778 0.756 0.769 ),NULL
InputWindowChange,2020-11-26 13:38:40.9848,34436,4acd356381354ef207b3ddf0c5d72814,anonymous,NULL,Closed,25,-3.9801,0.0000,Running,2.1369,9,0.7000,0,0.0000,0,0.1333,0,0.0000,0,0.0000,0,0.0000,NA,NULL,NULL,NULL,NULL
GameDecision,2020-11-26 13:38:40.9853,34436,4acd356381354ef207b3ddf0c5d72814,anonymous,NULL,Closed,25,-3.9801,0.0000,Running,2.1369,8,0.7333,0,0.0000,0,0.1333,0,0.0000,0,0.0000,0,0.0000,AccInput,NULL,NULL,NULL,AccInput
Rest,2020-11-26 13:38:41.6385,34482,4acd356381354ef207b3ddf0c5d72814,anonymous,ReceivingData,NULL,NULL,NULL,NULL,NULL,NULL,NULL,NULL,NULL,NULL,NULL,NULL,NULL,NULL,NULL,NULL,NULL,NULL,NULL,0.6937,70,(0.778 0.745 0.709 0.694 0.782 0.806 0.799 0.789 ),NULL
MotorImagery,2020-11-26 13:38:42.8925,34572,4acd356381354ef207b3ddf0c5d72814,anonymous,ReceivingData,NULL,NULL,NULL,NULL,NULL,NULL,NULL,NULL,NULL,NULL,NULL,NULL,NULL,NULL,NULL,NULL,NULL,NULL,NULL,0.7090,71,(0.709 0.714 0.718 0.703 0.704 0.708 0.707 0.709 ),NULL
Rest,2020-11-26 13:38:42.9060,34573,4acd356381354ef207b3ddf0c5d72814,anonymous,ReceivingData,NULL,NULL,NULL,NULL,NULL,NULL,NULL,NULL,NULL,NULL,NULL,NULL,NULL,NULL,NULL,NULL,NULL,NULL,NULL,0.6923,71,(0.709 0.692 0.718 0.703 0.704 0.708 0.707 0.709 ),NULL
MotorImagery,2020-11-26 13:38:46.6237,34840,4acd356381354ef207b3ddf0c5d72814,anonymous,ReceivingData,NULL,NULL,NULL,NULL,NULL,NULL,NULL,NULL,NULL,NULL,NULL,NULL,NULL,NULL,NULL,NULL,NULL,NULL,NULL,0.7911,72,(0.712 0.765 0.791 0.777 0.771 0.787 0.783 0.791 ),NULL
Rest,2020-11-26 13:38:47.2367,34884,4acd356381354ef207b3ddf0c5d72814,anonymous,ReceivingData,NULL,NULL,NULL,NULL,NULL,NULL,NULL,NULL,NULL,NULL,NULL,NULL,NULL,NULL,NULL,NULL,NULL,NULL,NULL,0.6863,72,(0.686 0.782 0.780 0.773 0.769 0.775 0.733 0.706 ),NULL
MotorImagery,2020-11-26 13:38:51.8593,35215,4acd356381354ef207b3ddf0c5d72814,anonymous,ReceivingData,NULL,NULL,NULL,NULL,NULL,NULL,NULL,NULL,NULL,NULL,NULL,NULL,NULL,NULL,NULL,NULL,NULL,NULL,NULL,0.7852,73,(0.714 0.731 0.751 0.759 0.778 0.797 0.785 0.700 ),NULL
Rest,2020-11-26 13:38:52.1095,35233,4acd356381354ef207b3ddf0c5d72814,anonymous,ReceivingData,NULL,NULL,NULL,NULL,NULL,NULL,NULL,NULL,NULL,NULL,NULL,NULL,NULL,NULL,NULL,NULL,NULL,NULL,NULL,0.6921,73,(0.718 0.713 0.692 0.759 0.778 0.797 0.785 0.732 ),NULL
InputWindowChange,2020-11-26 13:38:56.9697,35581,4acd356381354ef207b3ddf0c5d72814,anonymous,NULL,Open,26,0.0000,0.0000,Running,4.2164,8,0.7333,0,0.0000,0,0.1333,0,0.0000,0,0.0000,0,0.0000,NA,NULL,NULL,NULL,NULL
MotorImagery,2020-11-26 13:39:00.6733,35846,4acd356381354ef207b3ddf0c5d72814,anonymous,ReceivingData,NULL,NULL,NULL,NULL,NULL,NULL,NULL,NULL,NULL,NULL,NULL,NULL,NULL,NULL,NULL,NULL,NULL,NULL,NULL,0.7217,74,(0.715 0.722 0.702 0.746 0.723 0.712 0.702 0.718 ),NULL
InputWindowChange,2020-11-26 13:39:00.6733,35846,4acd356381354ef207b3ddf0c5d72814,anonymous,NULL,Closed,26,-2.2958,0.0000,Running,4.2164,8,0.7333,0,0.0000,0,0.1333,0,0.0000,0,0.0000,0,0.0000,NA,NULL,NULL,NULL,NULL
GameDecision,2020-11-26 13:39:00.6743,35846,4acd356381354ef207b3ddf0c5d72814,anonymous,NULL,Closed,26,-2.2958,0.0000,Running,4.2164,7,0.7667,0,0.0000,0,0.1333,0,0.0000,0,0.0000,0,0.0000,AccInput,NULL,NULL,NULL,AccInput
Rest,2020-11-26 13:39:01.3000,35891,4acd356381354ef207b3ddf0c5d72814,anonymous,ReceivingData,NULL,NULL,NULL,NULL,NULL,NULL,NULL,NULL,NULL,NULL,NULL,NULL,NULL,NULL,NULL,NULL,NULL,NULL,NULL,0.6953,74,(0.726 0.742 0.721 0.695 0.727 0.707 0.716 0.715 ),NULL
MotorImagery,2020-11-26 13:39:04.7535,36138,4acd356381354ef207b3ddf0c5d72814,anonymous,ReceivingData,NULL,NULL,NULL,NULL,NULL,NULL,NULL,NULL,NULL,NULL,NULL,NULL,NULL,NULL,NULL,NULL,NULL,NULL,NULL,0.7728,75,(0.754 0.783 0.783 0.758 0.748 0.773 0.706 0.703 ),NULL
Rest,2020-11-26 13:39:05.2676,36175,4acd356381354ef207b3ddf0c5d72814,anonymous,ReceivingData,NULL,NULL,NULL,NULL,NULL,NULL,NULL,NULL,NULL,NULL,NULL,NULL,NULL,NULL,NULL,NULL,NULL,NULL,NULL,0.6728,75,(0.799 0.789 0.800 0.778 0.733 0.673 0.784 0.784 ),NULL
MotorImagery,2020-11-26 13:39:10.3914,36542,4acd356381354ef207b3ddf0c5d72814,anonymous,ReceivingData,NULL,NULL,NULL,NULL,NULL,NULL,NULL,NULL,NULL,NULL,NULL,NULL,NULL,NULL,NULL,NULL,NULL,NULL,NULL,0.8111,76,(0.801 0.813 0.814 0.811 0.732 0.753 0.752 0.786 ),NULL
Rest,2020-11-26 13:39:11.0188,36587,4acd356381354ef207b3ddf0c5d72814,anonymous,ReceivingData,NULL,NULL,NULL,NULL,NULL,NULL,NULL,NULL,NULL,NULL,NULL,NULL,NULL,NULL,NULL,NULL,NULL,NULL,NULL,0.6963,76,(0.740 0.735 0.726 0.714 0.718 0.696 0.768 0.750 ),NULL
MotorImagery,2020-11-26 13:39:12.8005,36715,4acd356381354ef207b3ddf0c5d72814,anonymous,ReceivingData,NULL,NULL,NULL,NULL,NULL,NULL,NULL,NULL,NULL,NULL,NULL,NULL,NULL,NULL,NULL,NULL,NULL,NULL,NULL,0.8234,77,(0.762 0.795 0.821 0.823 0.712 0.735 0.759 0.752 ),NULL
Rest,2020-11-26 13:39:13.7203,36780,4acd356381354ef207b3ddf0c5d72814,anonymous,ReceivingData,NULL,NULL,NULL,NULL,NULL,NULL,NULL,NULL,NULL,NULL,NULL,NULL,NULL,NULL,NULL,NULL,NULL,NULL,NULL,0.6928,77,(0.833 0.802 0.729 0.693 0.841 0.828 0.823 0.826 ),NULL
InputWindowChange,2020-11-26 13:39:14.9739,36870,4acd356381354ef207b3ddf0c5d72814,anonymous,NULL,Open,27,0.0000,0.0000,Running,3.1636,7,0.7667,0,0.0000,0,0.1333,0,0.0000,0,0.0000,0,0.0000,NA,NULL,NULL,NULL,NULL
MotorImagery,2020-11-26 13:39:20.2227,37247,4acd356381354ef207b3ddf0c5d72814,anonymous,ReceivingData,NULL,NULL,NULL,NULL,NULL,NULL,NULL,NULL,NULL,NULL,NULL,NULL,NULL,NULL,NULL,NULL,NULL,NULL,NULL,0.7252,78,(0.703 0.719 0.734 0.725 0.715 0.703 0.723 0.725 ),NULL
InputWindowChange,2020-11-26 13:39:20.2227,37247,4acd356381354ef207b3ddf0c5d72814,anonymous,NULL,Closed,27,-0.7506,0.0000,Running,3.1636,7,0.7667,0,0.0000,0,0.1333,0,0.0000,0,0.0000,0,0.0000,NA,NULL,NULL,NULL,NULL
GameDecision,2020-11-26 13:39:20.2237,37247,4acd356381354ef207b3ddf0c5d72814,anonymous,NULL,Closed,27,-0.7506,0.0000,Running,3.1636,6,0.8000,0,0.0000,0,0.1333,0,0.0000,0,0.0000,0,0.0000,AccInput,NULL,NULL,NULL,AccInput
Rest,2020-11-26 13:39:20.2362,37248,4acd356381354ef207b3ddf0c5d72814,anonymous,ReceivingData,NULL,NULL,NULL,NULL,NULL,NULL,NULL,NULL,NULL,NULL,NULL,NULL,NULL,NULL,NULL,NULL,NULL,NULL,NULL,0.6873,78,(0.687 0.719 0.734 0.725 0.715 0.703 0.723 0.725 ),NULL
MotorImagery,2020-11-26 13:39:20.7379,37284,4acd356381354ef207b3ddf0c5d72814,anonymous,ReceivingData,NULL,NULL,NULL,NULL,NULL,NULL,NULL,NULL,NULL,NULL,NULL,NULL,NULL,NULL,NULL,NULL,NULL,NULL,NULL,0.7334,79,(0.733 0.701 0.711 0.714 0.753 0.744 0.760 0.748 ),NULL
Rest,2020-11-26 13:39:20.8628,37293,4acd356381354ef207b3ddf0c5d72814,anonymous,ReceivingData,NULL,NULL,NULL,NULL,NULL,NULL,NULL,NULL,NULL,NULL,NULL,NULL,NULL,NULL,NULL,NULL,NULL,NULL,NULL,0.6932,79,(0.733 0.730 0.693 0.714 0.753 0.744 0.760 0.748 ),NULL
MotorImagery,2020-11-26 13:39:21.7543,37356,4acd356381354ef207b3ddf0c5d72814,anonymous,ReceivingData,NULL,NULL,NULL,NULL,NULL,NULL,NULL,NULL,NULL,NULL,NULL,NULL,NULL,NULL,NULL,NULL,NULL,NULL,NULL,0.7108,80,(0.711 0.732 0.730 0.730 0.743 0.715 0.714 0.725 ),NULL
Rest,2020-11-26 13:39:22.1298,37383,4acd356381354ef207b3ddf0c5d72814,anonymous,ReceivingData,NULL,NULL,NULL,NULL,NULL,NULL,NULL,NULL,NULL,NULL,NULL,NULL,NULL,NULL,NULL,NULL,NULL,NULL,NULL,0.6827,80,(0.711 0.728 0.709 0.744 0.734 0.732 0.704 0.683 ),NULL
MotorImagery,2020-11-26 13:39:23.8281,37505,4acd356381354ef207b3ddf0c5d72814,anonymous,ReceivingData,NULL,NULL,NULL,NULL,NULL,NULL,NULL,NULL,NULL,NULL,NULL,NULL,NULL,NULL,NULL,NULL,NULL,NULL,NULL,0.7244,81,(0.722 0.722 0.734 0.701 0.724 0.730 0.718 0.717 ),NULL
Rest,2020-11-26 13:39:23.9261,37512,4acd356381354ef207b3ddf0c5d72814,anonymous,ReceivingData,NULL,NULL,NULL,NULL,NULL,NULL,NULL,NULL,NULL,NULL,NULL,NULL,NULL,NULL,NULL,NULL,NULL,NULL,NULL,0.6893,81,(0.722 0.722 0.734 0.701 0.724 0.689 0.718 0.717 ),NULL
InputWindowChange,2020-11-26 13:39:32.9769,38159,4acd356381354ef207b3ddf0c5d72814,anonymous,NULL,Open,28,0.0000,0.0000,Running,2.6168,6,0.8000,0,0.0000,0,0.1333,0,0.0000,0,0.0000,0,0.0000,NA,NULL,NULL,NULL,NULL
InputWindowChange,2020-11-26 13:39:38.9783,38589,4acd356381354ef207b3ddf0c5d72814,anonymous,NULL,Closed,28,0.0015,0.0000,Running,2.6168,6,0.8000,0,0.0000,0,0.1333,0,0.0000,0,0.0000,0,0.0000,NA,NULL,NULL,NULL,NULL
GameDecision,2020-11-26 13:39:38.9793,38589,4acd356381354ef207b3ddf0c5d72814,anonymous,NULL,Closed,28,0.0015,0.0000,Running,2.6168,6,0.8000,0,0.0000,0,0.1667,0,0.0000,0,0.0000,0,0.0000,RejInput,NULL,NULL,NULL,AccInput
MotorImagery,2020-11-26 13:39:48.3461,39258,4acd356381354ef207b3ddf0c5d72814,anonymous,ReceivingData,NULL,NULL,NULL,NULL,NULL,NULL,NULL,NULL,NULL,NULL,NULL,NULL,NULL,NULL,NULL,NULL,NULL,NULL,NULL,0.7950,82,(0.743 0.775 0.800 0.782 0.795 0.795 0.702 0.712 ),NULL
Rest,2020-11-26 13:39:48.7504,39287,4acd356381354ef207b3ddf0c5d72814,anonymous,ReceivingData,NULL,NULL,NULL,NULL,NULL,NULL,NULL,NULL,NULL,NULL,NULL,NULL,NULL,NULL,NULL,NULL,NULL,NULL,NULL,0.6767,82,(0.735 0.726 0.741 0.714 0.677 0.795 0.746 0.741 ),NULL
InputWindowChange,2020-11-26 13:39:50.9801,39447,4acd356381354ef207b3ddf0c5d72814,anonymous,NULL,Open,29,0.0000,0.0000,Running,3.5534,6,0.8000,0,0.0000,0,0.1667,0,0.0000,0,0.0000,0,0.0000,NA,NULL,NULL,NULL,NULL
InputWindowChange,2020-11-26 13:39:56.9809,39876,4acd356381354ef207b3ddf0c5d72814,anonymous,NULL,Closed,29,0.0028,0.0000,Running,3.5534,6,0.8000,0,0.0000,0,0.1667,0,0.0000,0,0.0000,0,0.0000,NA,NULL,NULL,NULL,NULL
GameDecision,2020-11-26 13:39:56.9829,39876,4acd356381354ef207b3ddf0c5d72814,anonymous,NULL,Closed,29,0.0028,0.0000,Running,3.5534,6,0.8000,0,0.0000,0,0.2000,0,0.0000,0,0.0000,0,0.0000,RejInput,NULL,NULL,NULL,AccInput
GameStopped,2020-11-26 13:39:59.1967,40031,4acd356381354ef207b3ddf0c5d72814,anonymous,NULL,Closed,30,0.0000,0.0000,Stopped,3.5534,6,0.8000,0,0.0000,0,0.2000,0,0.0000,0,0.0000,0,0.0000,NA,NULL,NULL,NULL,NULL
